version,scope,measure,observations,minimum,p05,p10,p25,p50,p75,p90,p95,p99,maximum
current,all,sons,526,0.0,0.0,1.0,1.0,1.0,3.0,6.0,10.0,100.0,60000.0
current,all,daughters,526,0.0,0.0,0.0,0.0,0.0,1.0,2.0,3.0,11.25,60.0
current,all,total_children,526,1.0,1.0,1.0,1.0,2.0,4.0,8.0,13.0,100.0,60000.0
current,all,male_share_pct,525,0.0,0.0,33.33333333333334,66.66666666666667,100.0,100.0,100.0,100.0,100.0,100.0
current,flag_filtered,sons,503,0.0,0.0,1.0,1.0,1.0,2.0,6.0,10.0,40.0,100.0
current,flag_filtered,daughters,503,0.0,0.0,0.0,0.0,0.0,1.0,2.0,3.9,11.94,60.0
current,flag_filtered,total_children,503,1.0,1.0,1.0,1.0,2.0,4.0,7.0,10.9,59.82,100.0
current,flag_filtered,male_share_pct,502,0.0,0.0,33.333333333333336,66.66666666666667,100.0,100.0,100.0,100.0,100.0,100.0
current,historical_filtered,sons,103,0.0,0.0,1.0,1.0,1.0,2.0,4.0,4.0,9.94,17.0
current,historical_filtered,daughters,103,0.0,0.0,0.0,0.0,1.0,1.0,3.0,4.0,12.84,19.0
current,historical_filtered,total_children,103,1.0,1.0,1.0,1.0,2.0,4.0,6.8,7.9,13.98,36.0
current,historical_filtered,male_share_pct,103,0.0,0.0,33.33333333333334,50.0,75.0,100.0,100.0,100.0,100.0,100.0
aeneas_livy_lavinia,all,sons,526,0.0,0.0,1.0,1.0,1.0,3.0,6.0,10.0,100.0,60000.0
aeneas_livy_lavinia,all,daughters,526,0.0,0.0,0.0,0.0,0.0,1.0,2.0,3.0,11.25,60.0
aeneas_livy_lavinia,all,total_children,526,1.0,1.0,1.0,1.0,2.0,4.0,8.0,13.0,100.0,60000.0
aeneas_livy_lavinia,all,male_share_pct,525,0.0,0.0,33.33333333333334,66.66666666666667,100.0,100.0,100.0,100.0,100.0,100.0
aeneas_livy_lavinia,flag_filtered,sons,503,0.0,0.0,1.0,1.0,1.0,2.0,6.0,10.0,40.0,100.0
aeneas_livy_lavinia,flag_filtered,daughters,503,0.0,0.0,0.0,0.0,0.0,1.0,2.0,3.9,11.94,60.0
aeneas_livy_lavinia,flag_filtered,total_children,503,1.0,1.0,1.0,1.0,2.0,4.0,7.0,10.9,59.82,100.0
aeneas_livy_lavinia,flag_filtered,male_share_pct,502,0.0,0.0,33.333333333333336,66.66666666666667,100.0,100.0,100.0,100.0,100.0,100.0
aeneas_livy_lavinia,historical_filtered,sons,103,0.0,0.0,1.0,1.0,1.0,2.0,4.0,4.0,9.94,17.0
aeneas_livy_lavinia,historical_filtered,daughters,103,0.0,0.0,0.0,0.0,1.0,1.0,3.0,4.0,12.84,19.0
aeneas_livy_lavinia,historical_filtered,total_children,103,1.0,1.0,1.0,1.0,2.0,4.0,6.8,7.9,13.98,36.0
aeneas_livy_lavinia,historical_filtered,male_share_pct,103,0.0,0.0,33.33333333333334,50.0,75.0,100.0,100.0,100.0,100.0,100.0
ali_irshad_27,all,sons,524,0.0,0.0,1.0,1.0,1.0,3.0,6.0,10.0,100.0,60000.0
ali_irshad_27,all,daughters,524,0.0,0.0,0.0,0.0,0.0,1.0,2.0,3.0,10.54,60.0
ali_irshad_27,all,total_children,524,1.0,1.0,1.0,1.0,2.0,4.0,8.0,12.85,100.0,60000.0
ali_irshad_27,all,male_share_pct,523,0.0,0.0,33.33333333333334,66.66666666666667,100.0,100.0,100.0,100.0,100.0,100.0
ali_irshad_27,flag_filtered,sons,501,0.0,0.0,1.0,1.0,1.0,2.0,6.0,10.0,40.0,100.0
ali_irshad_27,flag_filtered,daughters,501,0.0,0.0,0.0,0.0,0.0,1.0,2.0,4.0,11.0,60.0
ali_irshad_27,flag_filtered,total_children,501,1.0,1.0,1.0,1.0,2.0,4.0,7.0,11.0,60.0,100.0
ali_irshad_27,flag_filtered,male_share_pct,500,0.0,0.0,33.333333333333336,66.66666666666667,100.0,100.0,100.0,100.0,100.0,100.0
ali_irshad_27,historical_filtered,sons,101,0.0,0.0,1.0,1.0,1.0,2.0,4.0,4.0,10.0,17.0
ali_irshad_27,historical_filtered,daughters,101,0.0,0.0,0.0,0.0,1.0,1.0,3.0,4.0,11.0,19.0
ali_irshad_27,historical_filtered,total_children,101,1.0,1.0,1.0,1.0,2.0,4.0,7.0,8.0,14.0,36.0
ali_irshad_27,historical_filtered,male_share_pct,101,0.0,0.0,33.333333333333336,50.0,75.0,100.0,100.0,100.0,100.0,100.0
aniruddha_wilson_mother,all,sons,526,0.0,0.0,1.0,1.0,1.0,3.0,6.0,10.0,100.0,60000.0
aniruddha_wilson_mother,all,daughters,526,0.0,0.0,0.0,0.0,0.0,1.0,2.0,3.0,11.25,60.0
aniruddha_wilson_mother,all,total_children,526,1.0,1.0,1.0,1.0,2.0,4.0,8.0,13.0,100.0,60000.0
aniruddha_wilson_mother,all,male_share_pct,525,0.0,0.0,33.33333333333334,66.66666666666667,100.0,100.0,100.0,100.0,100.0,100.0
aniruddha_wilson_mother,flag_filtered,sons,503,0.0,0.0,1.0,1.0,1.0,2.0,6.0,10.0,40.0,100.0
aniruddha_wilson_mother,flag_filtered,daughters,503,0.0,0.0,0.0,0.0,0.0,1.0,2.0,3.9,11.94,60.0
aniruddha_wilson_mother,flag_filtered,total_children,503,1.0,1.0,1.0,1.0,2.0,4.0,7.0,10.9,59.82,100.0
aniruddha_wilson_mother,flag_filtered,male_share_pct,502,0.0,0.0,33.333333333333336,66.66666666666667,100.0,100.0,100.0,100.0,100.0,100.0
aniruddha_wilson_mother,historical_filtered,sons,103,0.0,0.0,1.0,1.0,1.0,2.0,4.0,4.0,9.94,17.0
aniruddha_wilson_mother,historical_filtered,daughters,103,0.0,0.0,0.0,0.0,1.0,1.0,3.0,4.0,12.84,19.0
aniruddha_wilson_mother,historical_filtered,total_children,103,1.0,1.0,1.0,1.0,2.0,4.0,6.8,7.9,13.98,36.0
aniruddha_wilson_mother,historical_filtered,male_share_pct,103,0.0,0.0,33.33333333333334,50.0,75.0,100.0,100.0,100.0,100.0,100.0
aphrodite_hesiod_two,all,sons,526,0.0,0.0,1.0,1.0,1.0,3.0,6.0,10.0,100.0,60000.0
aphrodite_hesiod_two,all,daughters,526,0.0,0.0,0.0,0.0,0.0,1.0,2.0,3.0,11.25,60.0
aphrodite_hesiod_two,all,total_children,526,1.0,1.0,1.0,1.0,2.0,4.0,8.0,13.0,100.0,60000.0
aphrodite_hesiod_two,all,male_share_pct,525,0.0,0.0,33.33333333333334,66.66666666666667,100.0,100.0,100.0,100.0,100.0,100.0
aphrodite_hesiod_two,flag_filtered,sons,503,0.0,0.0,1.0,1.0,1.0,2.0,6.0,10.0,40.0,100.0
aphrodite_hesiod_two,flag_filtered,daughters,503,0.0,0.0,0.0,0.0,0.0,1.0,2.0,3.9,11.94,60.0
aphrodite_hesiod_two,flag_filtered,total_children,503,1.0,1.0,1.0,1.0,2.0,4.0,7.0,10.9,59.82,100.0
aphrodite_hesiod_two,flag_filtered,male_share_pct,502,0.0,0.0,33.333333333333336,66.66666666666667,100.0,100.0,100.0,100.0,100.0,100.0
aphrodite_hesiod_two,historical_filtered,sons,103,0.0,0.0,1.0,1.0,1.0,2.0,4.0,4.0,9.94,17.0
aphrodite_hesiod_two,historical_filtered,daughters,103,0.0,0.0,0.0,0.0,1.0,1.0,3.0,4.0,12.84,19.0
aphrodite_hesiod_two,historical_filtered,total_children,103,1.0,1.0,1.0,1.0,2.0,4.0,6.8,7.9,13.98,36.0
aphrodite_hesiod_two,historical_filtered,male_share_pct,103,0.0,0.0,33.33333333333334,50.0,75.0,100.0,100.0,100.0,100.0,100.0
arthur_geoffrey_genealogy,all,sons,526,0.0,0.0,1.0,1.0,1.0,3.0,6.0,10.0,100.0,60000.0
arthur_geoffrey_genealogy,all,daughters,526,0.0,0.0,0.0,0.0,0.0,1.0,2.0,3.0,11.25,60.0
arthur_geoffrey_genealogy,all,total_children,526,1.0,1.0,1.0,1.0,2.0,4.0,8.0,13.0,100.0,60000.0
arthur_geoffrey_genealogy,all,male_share_pct,525,0.0,0.0,33.33333333333334,66.66666666666667,100.0,100.0,100.0,100.0,100.0,100.0
arthur_geoffrey_genealogy,flag_filtered,sons,503,0.0,0.0,1.0,1.0,1.0,2.0,6.0,10.0,40.0,100.0
arthur_geoffrey_genealogy,flag_filtered,daughters,503,0.0,0.0,0.0,0.0,0.0,1.0,2.0,3.9,11.94,60.0
arthur_geoffrey_genealogy,flag_filtered,total_children,503,1.0,1.0,1.0,1.0,2.0,4.0,7.0,10.9,59.82,100.0
arthur_geoffrey_genealogy,flag_filtered,male_share_pct,502,0.0,0.0,33.333333333333336,66.66666666666667,100.0,100.0,100.0,100.0,100.0,100.0
arthur_geoffrey_genealogy,historical_filtered,sons,103,0.0,0.0,1.0,1.0,1.0,2.0,4.0,4.0,9.94,17.0
arthur_geoffrey_genealogy,historical_filtered,daughters,103,0.0,0.0,0.0,0.0,1.0,1.0,3.0,4.0,12.84,19.0
arthur_geoffrey_genealogy,historical_filtered,total_children,103,1.0,1.0,1.0,1.0,2.0,4.0,6.8,7.9,13.98,36.0
arthur_geoffrey_genealogy,historical_filtered,male_share_pct,103,0.0,0.0,33.33333333333334,50.0,75.0,100.0,100.0,100.0,100.0,100.0
asher_numbers_clans,all,sons,526,0.0,0.0,1.0,1.0,1.0,3.0,6.0,10.0,100.0,60000.0
asher_numbers_clans,all,daughters,526,0.0,0.0,0.0,0.0,0.0,1.0,2.0,3.0,11.25,60.0
asher_numbers_clans,all,total_children,526,1.0,1.0,1.0,1.0,2.0,4.0,8.0,13.0,100.0,60000.0
asher_numbers_clans,all,male_share_pct,525,0.0,0.0,33.33333333333334,66.66666666666667,100.0,100.0,100.0,100.0,100.0,100.0
asher_numbers_clans,flag_filtered,sons,503,0.0,0.0,1.0,1.0,1.0,2.0,6.0,10.0,40.0,100.0
asher_numbers_clans,flag_filtered,daughters,503,0.0,0.0,0.0,0.0,0.0,1.0,2.0,3.9,11.94,60.0
asher_numbers_clans,flag_filtered,total_children,503,1.0,1.0,1.0,1.0,2.0,4.0,7.0,10.9,59.82,100.0
asher_numbers_clans,flag_filtered,male_share_pct,502,0.0,0.0,33.333333333333336,66.66666666666667,100.0,100.0,100.0,100.0,100.0,100.0
asher_numbers_clans,historical_filtered,sons,103,0.0,0.0,1.0,1.0,1.0,2.0,4.0,4.0,9.94,17.0
asher_numbers_clans,historical_filtered,daughters,103,0.0,0.0,0.0,0.0,1.0,1.0,3.0,4.0,12.84,19.0
asher_numbers_clans,historical_filtered,total_children,103,1.0,1.0,1.0,1.0,2.0,4.0,6.8,7.9,13.98,36.0
asher_numbers_clans,historical_filtered,male_share_pct,103,0.0,0.0,33.33333333333334,50.0,75.0,100.0,100.0,100.0,100.0,100.0
atlas_apollodorus_pleiades,all,sons,526,0.0,0.0,1.0,1.0,1.0,3.0,6.0,10.0,100.0,60000.0
atlas_apollodorus_pleiades,all,daughters,526,0.0,0.0,0.0,0.0,0.0,1.0,2.0,3.0,8.75,60.0
atlas_apollodorus_pleiades,all,total_children,526,1.0,1.0,1.0,1.0,2.0,4.0,8.0,12.75,100.0,60000.0
atlas_apollodorus_pleiades,all,male_share_pct,525,0.0,0.0,33.33333333333334,66.66666666666667,100.0,100.0,100.0,100.0,100.0,100.0
atlas_apollodorus_pleiades,flag_filtered,sons,503,0.0,0.0,1.0,1.0,1.0,2.0,6.0,10.0,40.0,100.0
atlas_apollodorus_pleiades,flag_filtered,daughters,503,0.0,0.0,0.0,0.0,0.0,1.0,2.0,3.9,8.98,60.0
atlas_apollodorus_pleiades,flag_filtered,total_children,503,1.0,1.0,1.0,1.0,2.0,4.0,7.0,10.0,59.82,100.0
atlas_apollodorus_pleiades,flag_filtered,male_share_pct,502,0.0,0.0,33.333333333333336,66.66666666666667,100.0,100.0,100.0,100.0,100.0,100.0
atlas_apollodorus_pleiades,historical_filtered,sons,103,0.0,0.0,1.0,1.0,1.0,2.0,4.0,4.0,9.94,17.0
atlas_apollodorus_pleiades,historical_filtered,daughters,103,0.0,0.0,0.0,0.0,1.0,1.0,3.0,4.0,12.84,19.0
atlas_apollodorus_pleiades,historical_filtered,total_children,103,1.0,1.0,1.0,1.0,2.0,4.0,6.8,7.9,13.98,36.0
atlas_apollodorus_pleiades,historical_filtered,male_share_pct,103,0.0,0.0,33.33333333333334,50.0,75.0,100.0,100.0,100.0,100.0,100.0
bahman_tabari_daughters,all,sons,526,0.0,0.0,1.0,1.0,1.0,3.0,6.0,10.0,100.0,60000.0
bahman_tabari_daughters,all,daughters,526,0.0,0.0,0.0,0.0,0.0,1.0,2.0,3.0,11.25,60.0
bahman_tabari_daughters,all,total_children,526,1.0,1.0,1.0,1.0,2.0,4.0,8.0,13.0,100.0,60000.0
bahman_tabari_daughters,all,male_share_pct,525,0.0,0.0,32.42424242424242,66.66666666666667,100.0,100.0,100.0,100.0,100.0,100.0
bahman_tabari_daughters,flag_filtered,sons,503,0.0,0.0,1.0,1.0,1.0,2.0,6.0,10.0,40.0,100.0
bahman_tabari_daughters,flag_filtered,daughters,503,0.0,0.0,0.0,0.0,0.0,1.0,2.0,3.9,11.94,60.0
bahman_tabari_daughters,flag_filtered,total_children,503,1.0,1.0,1.0,1.0,2.0,4.0,7.0,10.9,59.82,100.0
bahman_tabari_daughters,flag_filtered,male_share_pct,502,0.0,0.0,33.333333333333336,66.66666666666667,100.0,100.0,100.0,100.0,100.0,100.0
bahman_tabari_daughters,historical_filtered,sons,103,0.0,0.0,1.0,1.0,1.0,2.0,4.0,4.0,9.94,17.0
bahman_tabari_daughters,historical_filtered,daughters,103,0.0,0.0,0.0,0.0,1.0,1.0,3.0,4.0,12.84,19.0
bahman_tabari_daughters,historical_filtered,total_children,103,1.0,1.0,1.0,1.0,2.0,4.0,6.8,7.9,13.98,36.0
bahman_tabari_daughters,historical_filtered,male_share_pct,103,0.0,0.0,33.33333333333334,50.0,75.0,100.0,100.0,100.0,100.0,100.0
basil_macrina_nine,all,sons,526,0.0,0.0,1.0,1.0,1.0,3.0,6.0,10.0,100.0,60000.0
basil_macrina_nine,all,daughters,526,0.0,0.0,0.0,0.0,0.0,1.0,2.0,3.0,11.25,60.0
basil_macrina_nine,all,total_children,526,1.0,1.0,1.0,1.0,2.0,4.0,8.0,13.0,100.0,60000.0
basil_macrina_nine,all,male_share_pct,525,0.0,0.0,33.33333333333334,66.66666666666667,100.0,100.0,100.0,100.0,100.0,100.0
basil_macrina_nine,flag_filtered,sons,503,0.0,0.0,1.0,1.0,1.0,2.0,6.0,10.0,40.0,100.0
basil_macrina_nine,flag_filtered,daughters,503,0.0,0.0,0.0,0.0,0.0,1.0,2.0,3.9,11.94,60.0
basil_macrina_nine,flag_filtered,total_children,503,1.0,1.0,1.0,1.0,2.0,4.0,7.0,10.9,59.82,100.0
basil_macrina_nine,flag_filtered,male_share_pct,502,0.0,0.0,33.333333333333336,66.66666666666667,100.0,100.0,100.0,100.0,100.0,100.0
basil_macrina_nine,historical_filtered,sons,103,0.0,0.0,1.0,1.0,1.0,2.0,4.0,4.0,9.94,17.0
basil_macrina_nine,historical_filtered,daughters,103,0.0,0.0,0.0,0.0,1.0,1.0,3.0,4.0,12.84,19.0
basil_macrina_nine,historical_filtered,total_children,103,1.0,1.0,1.0,1.0,2.0,4.0,6.8,7.9,13.98,36.0
basil_macrina_nine,historical_filtered,male_share_pct,103,0.0,0.0,33.33333333333334,50.0,75.0,100.0,100.0,100.0,100.0,100.0
bathsheba_named_genealogy,all,sons,526,0.0,0.0,1.0,1.0,1.0,3.0,6.0,10.0,100.0,60000.0
bathsheba_named_genealogy,all,daughters,526,0.0,0.0,0.0,0.0,0.0,1.0,2.0,3.0,11.25,60.0
bathsheba_named_genealogy,all,total_children,526,1.0,1.0,1.0,1.0,2.0,4.0,8.0,13.0,100.0,60000.0
bathsheba_named_genealogy,all,male_share_pct,525,0.0,0.0,33.33333333333334,66.66666666666667,100.0,100.0,100.0,100.0,100.0,100.0
bathsheba_named_genealogy,flag_filtered,sons,503,0.0,0.0,1.0,1.0,1.0,2.0,6.0,10.0,40.0,100.0
bathsheba_named_genealogy,flag_filtered,daughters,503,0.0,0.0,0.0,0.0,0.0,1.0,2.0,3.9,11.94,60.0
bathsheba_named_genealogy,flag_filtered,total_children,503,1.0,1.0,1.0,1.0,2.0,4.0,7.0,10.9,59.82,100.0
bathsheba_named_genealogy,flag_filtered,male_share_pct,502,0.0,0.0,33.333333333333336,66.66666666666667,100.0,100.0,100.0,100.0,100.0,100.0
bathsheba_named_genealogy,historical_filtered,sons,103,0.0,0.0,1.0,1.0,1.0,2.0,4.0,4.0,9.94,17.0
bathsheba_named_genealogy,historical_filtered,daughters,103,0.0,0.0,0.0,0.0,1.0,1.0,3.0,4.0,12.84,19.0
bathsheba_named_genealogy,historical_filtered,total_children,103,1.0,1.0,1.0,1.0,2.0,4.0,6.8,7.9,13.98,36.0
bathsheba_named_genealogy,historical_filtered,male_share_pct,103,0.0,0.0,33.33333333333334,50.0,75.0,100.0,100.0,100.0,100.0,100.0
begil_literal_plural_minimum,all,sons,526,0.0,0.0,1.0,1.0,1.0,3.0,6.0,10.0,100.0,60000.0
begil_literal_plural_minimum,all,daughters,526,0.0,0.0,0.0,0.0,0.0,1.0,2.0,3.0,11.25,60.0
begil_literal_plural_minimum,all,total_children,526,1.0,1.0,1.0,1.0,2.0,4.0,8.0,13.0,100.0,60000.0
begil_literal_plural_minimum,all,male_share_pct,525,0.0,0.0,33.33333333333334,66.66666666666667,100.0,100.0,100.0,100.0,100.0,100.0
begil_literal_plural_minimum,flag_filtered,sons,503,0.0,0.0,1.0,1.0,1.0,2.0,6.0,10.0,40.0,100.0
begil_literal_plural_minimum,flag_filtered,daughters,503,0.0,0.0,0.0,0.0,0.0,1.0,2.0,3.9,11.94,60.0
begil_literal_plural_minimum,flag_filtered,total_children,503,1.0,1.0,1.0,1.0,2.0,4.0,7.0,10.9,59.82,100.0
begil_literal_plural_minimum,flag_filtered,male_share_pct,502,0.0,0.0,33.333333333333336,66.66666666666667,100.0,100.0,100.0,100.0,100.0,100.0
begil_literal_plural_minimum,historical_filtered,sons,103,0.0,0.0,1.0,1.0,1.0,2.0,4.0,4.0,9.94,17.0
begil_literal_plural_minimum,historical_filtered,daughters,103,0.0,0.0,0.0,0.0,1.0,1.0,3.0,4.0,12.84,19.0
begil_literal_plural_minimum,historical_filtered,total_children,103,1.0,1.0,1.0,1.0,2.0,4.0,6.8,7.9,13.98,36.0
begil_literal_plural_minimum,historical_filtered,male_share_pct,103,0.0,0.0,33.33333333333334,50.0,75.0,100.0,100.0,100.0,100.0,100.0
benjamin_numbers_clans,all,sons,526,0.0,0.0,1.0,1.0,1.0,3.0,6.0,10.0,100.0,60000.0
benjamin_numbers_clans,all,daughters,526,0.0,0.0,0.0,0.0,0.0,1.0,2.0,3.0,11.25,60.0
benjamin_numbers_clans,all,total_children,526,1.0,1.0,1.0,1.0,2.0,4.0,8.0,13.0,100.0,60000.0
benjamin_numbers_clans,all,male_share_pct,525,0.0,0.0,33.33333333333334,66.66666666666667,100.0,100.0,100.0,100.0,100.0,100.0
benjamin_numbers_clans,flag_filtered,sons,503,0.0,0.0,1.0,1.0,1.0,2.0,5.8,10.0,40.0,100.0
benjamin_numbers_clans,flag_filtered,daughters,503,0.0,0.0,0.0,0.0,0.0,1.0,2.0,3.9,11.94,60.0
benjamin_numbers_clans,flag_filtered,total_children,503,1.0,1.0,1.0,1.0,2.0,4.0,7.0,10.9,59.82,100.0
benjamin_numbers_clans,flag_filtered,male_share_pct,502,0.0,0.0,33.333333333333336,66.66666666666667,100.0,100.0,100.0,100.0,100.0,100.0
benjamin_numbers_clans,historical_filtered,sons,103,0.0,0.0,1.0,1.0,1.0,2.0,4.0,4.0,9.94,17.0
benjamin_numbers_clans,historical_filtered,daughters,103,0.0,0.0,0.0,0.0,1.0,1.0,3.0,4.0,12.84,19.0
benjamin_numbers_clans,historical_filtered,total_children,103,1.0,1.0,1.0,1.0,2.0,4.0,6.8,7.9,13.98,36.0
benjamin_numbers_clans,historical_filtered,male_share_pct,103,0.0,0.0,33.33333333333334,50.0,75.0,100.0,100.0,100.0,100.0,100.0
bharata_sunanda_genealogy,all,sons,526,0.0,0.0,1.0,1.0,1.0,3.0,6.0,10.0,100.0,60000.0
bharata_sunanda_genealogy,all,daughters,526,0.0,0.0,0.0,0.0,0.0,1.0,2.0,3.0,11.25,60.0
bharata_sunanda_genealogy,all,total_children,526,1.0,1.0,1.0,1.0,2.0,4.0,8.0,13.0,100.0,60000.0
bharata_sunanda_genealogy,all,male_share_pct,525,0.0,0.0,33.33333333333334,66.66666666666667,100.0,100.0,100.0,100.0,100.0,100.0
bharata_sunanda_genealogy,flag_filtered,sons,503,0.0,0.0,1.0,1.0,1.0,2.0,5.8,10.0,40.0,100.0
bharata_sunanda_genealogy,flag_filtered,daughters,503,0.0,0.0,0.0,0.0,0.0,1.0,2.0,3.9,11.94,60.0
bharata_sunanda_genealogy,flag_filtered,total_children,503,1.0,1.0,1.0,1.0,2.0,4.0,7.0,10.9,59.82,100.0
bharata_sunanda_genealogy,flag_filtered,male_share_pct,502,0.0,0.0,33.333333333333336,66.66666666666667,100.0,100.0,100.0,100.0,100.0,100.0
bharata_sunanda_genealogy,historical_filtered,sons,103,0.0,0.0,1.0,1.0,1.0,2.0,4.0,4.0,9.94,17.0
bharata_sunanda_genealogy,historical_filtered,daughters,103,0.0,0.0,0.0,0.0,1.0,1.0,3.0,4.0,12.84,19.0
bharata_sunanda_genealogy,historical_filtered,total_children,103,1.0,1.0,1.0,1.0,2.0,4.0,6.8,7.9,13.98,36.0
bharata_sunanda_genealogy,historical_filtered,male_share_pct,103,0.0,0.0,33.33333333333334,50.0,75.0,100.0,100.0,100.0,100.0,100.0
bhrigu_mani_seven,all,sons,525,0.0,0.0,1.0,1.0,1.0,3.0,6.0,10.0,100.0,60000.0
bhrigu_mani_seven,all,daughters,525,0.0,0.0,0.0,0.0,0.0,1.0,2.0,3.0,11.28,60.0
bhrigu_mani_seven,all,total_children,525,1.0,1.0,1.0,1.0,2.0,4.0,8.0,13.0,100.0,60000.0
bhrigu_mani_seven,all,male_share_pct,524,0.0,0.0,33.333333333333336,66.66666666666667,100.0,100.0,100.0,100.0,100.0,100.0
bhrigu_mani_seven,flag_filtered,sons,502,0.0,0.0,1.0,1.0,1.0,2.75,6.0,10.0,40.0,100.0
bhrigu_mani_seven,flag_filtered,daughters,502,0.0,0.0,0.0,0.0,0.0,1.0,2.0,3.95,11.97,60.0
bhrigu_mani_seven,flag_filtered,total_children,502,1.0,1.0,1.0,1.0,2.0,4.0,7.0,10.95,59.91,100.0
bhrigu_mani_seven,flag_filtered,male_share_pct,501,0.0,0.0,33.333333333333336,66.66666666666667,100.0,100.0,100.0,100.0,100.0,100.0
bhrigu_mani_seven,historical_filtered,sons,103,0.0,0.0,1.0,1.0,1.0,2.0,4.0,4.0,9.94,17.0
bhrigu_mani_seven,historical_filtered,daughters,103,0.0,0.0,0.0,0.0,1.0,1.0,3.0,4.0,12.84,19.0
bhrigu_mani_seven,historical_filtered,total_children,103,1.0,1.0,1.0,1.0,2.0,4.0,6.8,7.9,13.98,36.0
bhrigu_mani_seven,historical_filtered,male_share_pct,103,0.0,0.0,33.33333333333334,50.0,75.0,100.0,100.0,100.0,100.0,100.0
bodb_gregory_dagda,all,sons,525,0.0,0.0,1.0,1.0,1.0,3.0,6.0,10.0,100.0,60000.0
bodb_gregory_dagda,all,daughters,525,0.0,0.0,0.0,0.0,0.0,1.0,2.0,3.0,11.28,60.0
bodb_gregory_dagda,all,total_children,525,1.0,1.0,1.0,1.0,2.0,4.0,8.0,13.0,100.0,60000.0
bodb_gregory_dagda,all,male_share_pct,524,0.0,0.0,33.333333333333336,66.66666666666667,100.0,100.0,100.0,100.0,100.0,100.0
bodb_gregory_dagda,flag_filtered,sons,502,0.0,0.0,1.0,1.0,1.0,2.75,6.0,10.0,40.0,100.0
bodb_gregory_dagda,flag_filtered,daughters,502,0.0,0.0,0.0,0.0,0.0,1.0,2.0,3.95,11.97,60.0
bodb_gregory_dagda,flag_filtered,total_children,502,1.0,1.0,1.0,1.0,2.0,4.0,7.0,10.95,59.91,100.0
bodb_gregory_dagda,flag_filtered,male_share_pct,501,0.0,0.0,33.333333333333336,66.66666666666667,100.0,100.0,100.0,100.0,100.0,100.0
bodb_gregory_dagda,historical_filtered,sons,103,0.0,0.0,1.0,1.0,1.0,2.0,4.0,4.0,9.94,17.0
bodb_gregory_dagda,historical_filtered,daughters,103,0.0,0.0,0.0,0.0,1.0,1.0,3.0,4.0,12.84,19.0
bodb_gregory_dagda,historical_filtered,total_children,103,1.0,1.0,1.0,1.0,2.0,4.0,6.8,7.9,13.98,36.0
bodb_gregory_dagda,historical_filtered,male_share_pct,103,0.0,0.0,33.33333333333334,50.0,75.0,100.0,100.0,100.0,100.0,100.0
bragi_edda_mother_unassigned,all,sons,525,0.0,0.0,1.0,1.0,1.0,3.0,6.0,10.0,100.0,60000.0
bragi_edda_mother_unassigned,all,daughters,525,0.0,0.0,0.0,0.0,0.0,1.0,2.0,3.0,11.28,60.0
bragi_edda_mother_unassigned,all,total_children,525,1.0,1.0,1.0,1.0,2.0,4.0,8.0,13.0,100.0,60000.0
bragi_edda_mother_unassigned,all,male_share_pct,524,0.0,0.0,33.333333333333336,66.66666666666667,100.0,100.0,100.0,100.0,100.0,100.0
bragi_edda_mother_unassigned,flag_filtered,sons,502,0.0,0.0,1.0,1.0,1.0,2.75,6.0,10.0,40.0,100.0
bragi_edda_mother_unassigned,flag_filtered,daughters,502,0.0,0.0,0.0,0.0,0.0,1.0,2.0,3.95,11.97,60.0
bragi_edda_mother_unassigned,flag_filtered,total_children,502,1.0,1.0,1.0,1.0,2.0,4.0,7.0,10.95,59.91,100.0
bragi_edda_mother_unassigned,flag_filtered,male_share_pct,501,0.0,0.0,33.333333333333336,66.66666666666667,100.0,100.0,100.0,100.0,100.0,100.0
bragi_edda_mother_unassigned,historical_filtered,sons,103,0.0,0.0,1.0,1.0,1.0,2.0,4.0,4.0,9.94,17.0
bragi_edda_mother_unassigned,historical_filtered,daughters,103,0.0,0.0,0.0,0.0,1.0,1.0,3.0,4.0,12.84,19.0
bragi_edda_mother_unassigned,historical_filtered,total_children,103,1.0,1.0,1.0,1.0,2.0,4.0,6.8,7.9,13.98,36.0
bragi_edda_mother_unassigned,historical_filtered,male_share_pct,103,0.0,0.0,33.33333333333334,50.0,75.0,100.0,100.0,100.0,100.0,100.0
constantine_ii_mother_unassigned,all,sons,527,0.0,0.0,1.0,1.0,1.0,3.0,6.0,10.0,100.0,60000.0
constantine_ii_mother_unassigned,all,daughters,527,0.0,0.0,0.0,0.0,0.0,1.0,2.0,3.0,11.22,60.0
constantine_ii_mother_unassigned,all,total_children,527,1.0,1.0,1.0,1.0,2.0,4.0,8.0,13.0,100.0,60000.0
constantine_ii_mother_unassigned,all,male_share_pct,526,0.0,0.0,33.333333333333336,66.66666666666667,100.0,100.0,100.0,100.0,100.0,100.0
constantine_ii_mother_unassigned,flag_filtered,sons,504,0.0,0.0,1.0,1.0,1.0,2.0,6.0,10.0,40.0,100.0
constantine_ii_mother_unassigned,flag_filtered,daughters,504,0.0,0.0,0.0,0.0,0.0,1.0,2.0,3.85,11.91,60.0
constantine_ii_mother_unassigned,flag_filtered,total_children,504,1.0,1.0,1.0,1.0,2.0,4.0,7.0,10.85,59.73,100.0
constantine_ii_mother_unassigned,flag_filtered,male_share_pct,503,0.0,0.0,33.33333333333334,66.66666666666667,100.0,100.0,100.0,100.0,100.0,100.0
constantine_ii_mother_unassigned,historical_filtered,sons,104,0.0,0.0,1.0,1.0,1.0,2.0,4.0,4.0,9.91,17.0
constantine_ii_mother_unassigned,historical_filtered,daughters,104,0.0,0.0,0.0,0.0,1.0,1.0,3.0,4.0,12.76,19.0
constantine_ii_mother_unassigned,historical_filtered,total_children,104,1.0,1.0,1.0,1.0,2.0,4.0,6.7,7.85,13.97,36.0
constantine_ii_mother_unassigned,historical_filtered,male_share_pct,104,0.0,0.0,33.333333333333336,50.0,77.5,100.0,100.0,100.0,100.0,100.0
cuchulainn_human_parentage,all,sons,526,0.0,0.0,1.0,1.0,1.0,3.0,6.0,10.0,100.0,60000.0
cuchulainn_human_parentage,all,daughters,526,0.0,0.0,0.0,0.0,0.0,1.0,2.0,3.0,11.25,60.0
cuchulainn_human_parentage,all,total_children,526,1.0,1.0,1.0,1.0,2.0,4.0,8.0,13.0,100.0,60000.0
cuchulainn_human_parentage,all,male_share_pct,525,0.0,0.0,33.33333333333334,66.66666666666667,100.0,100.0,100.0,100.0,100.0,100.0
cuchulainn_human_parentage,flag_filtered,sons,503,0.0,0.0,1.0,1.0,1.0,2.0,6.0,10.0,40.0,100.0
cuchulainn_human_parentage,flag_filtered,daughters,503,0.0,0.0,0.0,0.0,0.0,1.0,2.0,3.9,11.94,60.0
cuchulainn_human_parentage,flag_filtered,total_children,503,1.0,1.0,1.0,1.0,2.0,4.0,7.0,10.9,59.82,100.0
cuchulainn_human_parentage,flag_filtered,male_share_pct,502,0.0,0.0,33.333333333333336,66.66666666666667,100.0,100.0,100.0,100.0,100.0,100.0
cuchulainn_human_parentage,historical_filtered,sons,103,0.0,0.0,1.0,1.0,1.0,2.0,4.0,4.0,9.94,17.0
cuchulainn_human_parentage,historical_filtered,daughters,103,0.0,0.0,0.0,0.0,1.0,1.0,3.0,4.0,12.84,19.0
cuchulainn_human_parentage,historical_filtered,total_children,103,1.0,1.0,1.0,1.0,2.0,4.0,6.8,7.9,13.98,36.0
cuchulainn_human_parentage,historical_filtered,male_share_pct,103,0.0,0.0,33.33333333333334,50.0,75.0,100.0,100.0,100.0,100.0,100.0
daksha_bhagavata_16,all,sons,526,0.0,0.0,1.0,1.0,1.0,3.0,6.0,10.0,100.0,60000.0
daksha_bhagavata_16,all,daughters,526,0.0,0.0,0.0,0.0,0.0,1.0,2.0,3.0,11.25,60.0
daksha_bhagavata_16,all,total_children,526,1.0,1.0,1.0,1.0,2.0,4.0,8.0,13.0,100.0,60000.0
daksha_bhagavata_16,all,male_share_pct,525,0.0,0.0,33.33333333333334,66.66666666666667,100.0,100.0,100.0,100.0,100.0,100.0
daksha_bhagavata_16,flag_filtered,sons,503,0.0,0.0,1.0,1.0,1.0,2.0,6.0,10.0,40.0,100.0
daksha_bhagavata_16,flag_filtered,daughters,503,0.0,0.0,0.0,0.0,0.0,1.0,2.0,3.9,11.94,60.0
daksha_bhagavata_16,flag_filtered,total_children,503,1.0,1.0,1.0,1.0,2.0,4.0,7.0,10.9,59.82,100.0
daksha_bhagavata_16,flag_filtered,male_share_pct,502,0.0,0.0,33.333333333333336,66.66666666666667,100.0,100.0,100.0,100.0,100.0,100.0
daksha_bhagavata_16,historical_filtered,sons,103,0.0,0.0,1.0,1.0,1.0,2.0,4.0,4.0,9.94,17.0
daksha_bhagavata_16,historical_filtered,daughters,103,0.0,0.0,0.0,0.0,1.0,1.0,3.0,4.0,12.84,19.0
daksha_bhagavata_16,historical_filtered,total_children,103,1.0,1.0,1.0,1.0,2.0,4.0,6.8,7.9,13.98,36.0
daksha_bhagavata_16,historical_filtered,male_share_pct,103,0.0,0.0,33.33333333333334,50.0,75.0,100.0,100.0,100.0,100.0,100.0
danu_bhagavata_61,all,sons,526,0.0,0.0,1.0,1.0,1.0,3.0,6.0,10.0,100.0,60000.0
danu_bhagavata_61,all,daughters,526,0.0,0.0,0.0,0.0,0.0,1.0,2.0,3.0,11.25,60.0
danu_bhagavata_61,all,total_children,526,1.0,1.0,1.0,1.0,2.0,4.0,8.0,13.0,100.0,60000.0
danu_bhagavata_61,all,male_share_pct,525,0.0,0.0,33.33333333333334,66.66666666666667,100.0,100.0,100.0,100.0,100.0,100.0
danu_bhagavata_61,flag_filtered,sons,503,0.0,0.0,1.0,1.0,1.0,2.0,6.0,10.0,50.78,100.0
danu_bhagavata_61,flag_filtered,daughters,503,0.0,0.0,0.0,0.0,0.0,1.0,2.0,3.9,11.94,60.0
danu_bhagavata_61,flag_filtered,total_children,503,1.0,1.0,1.0,1.0,2.0,4.0,7.0,10.9,60.98,100.0
danu_bhagavata_61,flag_filtered,male_share_pct,502,0.0,0.0,33.333333333333336,66.66666666666667,100.0,100.0,100.0,100.0,100.0,100.0
danu_bhagavata_61,historical_filtered,sons,103,0.0,0.0,1.0,1.0,1.0,2.0,4.0,4.0,9.94,17.0
danu_bhagavata_61,historical_filtered,daughters,103,0.0,0.0,0.0,0.0,1.0,1.0,3.0,4.0,12.84,19.0
danu_bhagavata_61,historical_filtered,total_children,103,1.0,1.0,1.0,1.0,2.0,4.0,6.8,7.9,13.98,36.0
danu_bhagavata_61,historical_filtered,male_share_pct,103,0.0,0.0,33.33333333333334,50.0,75.0,100.0,100.0,100.0,100.0,100.0
david_samuel_jerusalem,all,sons,526,0.0,0.0,1.0,1.0,1.0,3.0,6.0,10.0,100.0,60000.0
david_samuel_jerusalem,all,daughters,526,0.0,0.0,0.0,0.0,0.0,1.0,2.0,3.0,11.25,60.0
david_samuel_jerusalem,all,total_children,526,1.0,1.0,1.0,1.0,2.0,4.0,8.0,13.0,100.0,60000.0
david_samuel_jerusalem,all,male_share_pct,525,0.0,0.0,33.33333333333334,66.66666666666667,100.0,100.0,100.0,100.0,100.0,100.0
david_samuel_jerusalem,flag_filtered,sons,503,0.0,0.0,1.0,1.0,1.0,2.0,6.0,10.0,40.0,100.0
david_samuel_jerusalem,flag_filtered,daughters,503,0.0,0.0,0.0,0.0,0.0,1.0,2.0,3.9,11.94,60.0
david_samuel_jerusalem,flag_filtered,total_children,503,1.0,1.0,1.0,1.0,2.0,4.0,7.0,10.9,59.82,100.0
david_samuel_jerusalem,flag_filtered,male_share_pct,502,0.0,0.0,33.333333333333336,66.66666666666667,100.0,100.0,100.0,100.0,100.0,100.0
david_samuel_jerusalem,historical_filtered,sons,103,0.0,0.0,1.0,1.0,1.0,2.0,4.0,4.0,9.94,17.0
david_samuel_jerusalem,historical_filtered,daughters,103,0.0,0.0,0.0,0.0,1.0,1.0,3.0,4.0,12.84,19.0
david_samuel_jerusalem,historical_filtered,total_children,103,1.0,1.0,1.0,1.0,2.0,4.0,6.8,7.9,13.98,36.0
david_samuel_jerusalem,historical_filtered,male_share_pct,103,0.0,0.0,33.33333333333334,50.0,75.0,100.0,100.0,100.0,100.0,100.0
draupadi_adi_95_names,all,sons,526,0.0,0.0,1.0,1.0,1.0,3.0,6.0,10.0,100.0,60000.0
draupadi_adi_95_names,all,daughters,526,0.0,0.0,0.0,0.0,0.0,1.0,2.0,3.0,11.25,60.0
draupadi_adi_95_names,all,total_children,526,1.0,1.0,1.0,1.0,2.0,4.0,8.0,13.0,100.0,60000.0
draupadi_adi_95_names,all,male_share_pct,525,0.0,0.0,33.33333333333334,66.66666666666667,100.0,100.0,100.0,100.0,100.0,100.0
draupadi_adi_95_names,flag_filtered,sons,503,0.0,0.0,1.0,1.0,1.0,2.0,6.0,10.0,40.0,100.0
draupadi_adi_95_names,flag_filtered,daughters,503,0.0,0.0,0.0,0.0,0.0,1.0,2.0,3.9,11.94,60.0
draupadi_adi_95_names,flag_filtered,total_children,503,1.0,1.0,1.0,1.0,2.0,4.0,7.0,10.9,59.82,100.0
draupadi_adi_95_names,flag_filtered,male_share_pct,502,0.0,0.0,33.333333333333336,66.66666666666667,100.0,100.0,100.0,100.0,100.0,100.0
draupadi_adi_95_names,historical_filtered,sons,103,0.0,0.0,1.0,1.0,1.0,2.0,4.0,4.0,9.94,17.0
draupadi_adi_95_names,historical_filtered,daughters,103,0.0,0.0,0.0,0.0,1.0,1.0,3.0,4.0,12.84,19.0
draupadi_adi_95_names,historical_filtered,total_children,103,1.0,1.0,1.0,1.0,2.0,4.0,6.8,7.9,13.98,36.0
draupadi_adi_95_names,historical_filtered,male_share_pct,103,0.0,0.0,33.33333333333334,50.0,75.0,100.0,100.0,100.0,100.0,100.0
drupada_vyasa_eleven,all,sons,526,0.0,0.0,1.0,1.0,1.0,3.0,6.0,10.0,100.0,60000.0
drupada_vyasa_eleven,all,daughters,526,0.0,0.0,0.0,0.0,0.0,1.0,2.0,3.0,11.25,60.0
drupada_vyasa_eleven,all,total_children,526,1.0,1.0,1.0,1.0,2.0,4.0,8.0,13.0,100.0,60000.0
drupada_vyasa_eleven,all,male_share_pct,525,0.0,0.0,33.33333333333334,66.66666666666667,100.0,100.0,100.0,100.0,100.0,100.0
drupada_vyasa_eleven,flag_filtered,sons,503,0.0,0.0,1.0,1.0,1.0,2.0,6.0,10.0,40.0,100.0
drupada_vyasa_eleven,flag_filtered,daughters,503,0.0,0.0,0.0,0.0,0.0,1.0,2.0,3.9,11.94,60.0
drupada_vyasa_eleven,flag_filtered,total_children,503,1.0,1.0,1.0,1.0,2.0,4.0,7.0,10.9,59.82,100.0
drupada_vyasa_eleven,flag_filtered,male_share_pct,502,0.0,0.0,33.333333333333336,66.66666666666667,100.0,100.0,100.0,100.0,100.0,100.0
drupada_vyasa_eleven,historical_filtered,sons,103,0.0,0.0,1.0,1.0,1.0,2.0,4.0,4.0,9.94,17.0
drupada_vyasa_eleven,historical_filtered,daughters,103,0.0,0.0,0.0,0.0,1.0,1.0,3.0,4.0,12.84,19.0
drupada_vyasa_eleven,historical_filtered,total_children,103,1.0,1.0,1.0,1.0,2.0,4.0,6.8,7.9,13.98,36.0
drupada_vyasa_eleven,historical_filtered,male_share_pct,103,0.0,0.0,33.33333333333334,50.0,75.0,100.0,100.0,100.0,100.0,100.0
enbilulu_enki_damgalnunna,all,sons,527,0.0,0.0,1.0,1.0,1.0,3.0,6.0,10.0,100.0,60000.0
enbilulu_enki_damgalnunna,all,daughters,527,0.0,0.0,0.0,0.0,0.0,1.0,2.0,3.0,11.22,60.0
enbilulu_enki_damgalnunna,all,total_children,527,1.0,1.0,1.0,1.0,2.0,4.0,8.0,13.0,100.0,60000.0
enbilulu_enki_damgalnunna,all,male_share_pct,526,0.0,0.0,33.333333333333336,66.66666666666667,100.0,100.0,100.0,100.0,100.0,100.0
enbilulu_enki_damgalnunna,flag_filtered,sons,504,0.0,0.0,1.0,1.0,1.0,2.0,6.0,10.0,40.0,100.0
enbilulu_enki_damgalnunna,flag_filtered,daughters,504,0.0,0.0,0.0,0.0,0.0,1.0,2.0,3.85,11.91,60.0
enbilulu_enki_damgalnunna,flag_filtered,total_children,504,1.0,1.0,1.0,1.0,2.0,4.0,7.0,10.85,59.73,100.0
enbilulu_enki_damgalnunna,flag_filtered,male_share_pct,503,0.0,0.0,33.33333333333334,66.66666666666667,100.0,100.0,100.0,100.0,100.0,100.0
enbilulu_enki_damgalnunna,historical_filtered,sons,103,0.0,0.0,1.0,1.0,1.0,2.0,4.0,4.0,9.94,17.0
enbilulu_enki_damgalnunna,historical_filtered,daughters,103,0.0,0.0,0.0,0.0,1.0,1.0,3.0,4.0,12.84,19.0
enbilulu_enki_damgalnunna,historical_filtered,total_children,103,1.0,1.0,1.0,1.0,2.0,4.0,6.8,7.9,13.98,36.0
enbilulu_enki_damgalnunna,historical_filtered,male_share_pct,103,0.0,0.0,33.33333333333334,50.0,75.0,100.0,100.0,100.0,100.0,100.0
enki_namma_maternal_account,all,sons,527,0.0,0.0,1.0,1.0,1.0,3.0,6.0,10.0,100.0,60000.0
enki_namma_maternal_account,all,daughters,527,0.0,0.0,0.0,0.0,0.0,1.0,2.0,3.0,11.22,60.0
enki_namma_maternal_account,all,total_children,527,1.0,1.0,1.0,1.0,2.0,4.0,8.0,13.0,100.0,60000.0
enki_namma_maternal_account,all,male_share_pct,526,0.0,0.0,33.333333333333336,66.66666666666667,100.0,100.0,100.0,100.0,100.0,100.0
enki_namma_maternal_account,flag_filtered,sons,504,0.0,0.0,1.0,1.0,1.0,2.0,6.0,10.0,40.0,100.0
enki_namma_maternal_account,flag_filtered,daughters,504,0.0,0.0,0.0,0.0,0.0,1.0,2.0,3.85,11.91,60.0
enki_namma_maternal_account,flag_filtered,total_children,504,1.0,1.0,1.0,1.0,2.0,4.0,7.0,10.85,59.73,100.0
enki_namma_maternal_account,flag_filtered,male_share_pct,503,0.0,0.0,33.33333333333334,66.66666666666667,100.0,100.0,100.0,100.0,100.0,100.0
enki_namma_maternal_account,historical_filtered,sons,103,0.0,0.0,1.0,1.0,1.0,2.0,4.0,4.0,9.94,17.0
enki_namma_maternal_account,historical_filtered,daughters,103,0.0,0.0,0.0,0.0,1.0,1.0,3.0,4.0,12.84,19.0
enki_namma_maternal_account,historical_filtered,total_children,103,1.0,1.0,1.0,1.0,2.0,4.0,6.8,7.9,13.98,36.0
enki_namma_maternal_account,historical_filtered,male_share_pct,103,0.0,0.0,33.33333333333334,50.0,75.0,100.0,100.0,100.0,100.0,100.0
galla_smith_merged_child,all,sons,526,0.0,0.0,1.0,1.0,1.0,3.0,6.0,10.0,100.0,60000.0
galla_smith_merged_child,all,daughters,526,0.0,0.0,0.0,0.0,0.0,1.0,2.0,3.0,11.25,60.0
galla_smith_merged_child,all,total_children,526,1.0,1.0,1.0,1.0,2.0,4.0,8.0,13.0,100.0,60000.0
galla_smith_merged_child,all,male_share_pct,525,0.0,0.0,33.33333333333334,66.66666666666667,100.0,100.0,100.0,100.0,100.0,100.0
galla_smith_merged_child,flag_filtered,sons,503,0.0,0.0,1.0,1.0,1.0,2.0,6.0,10.0,40.0,100.0
galla_smith_merged_child,flag_filtered,daughters,503,0.0,0.0,0.0,0.0,0.0,1.0,2.0,3.9,11.94,60.0
galla_smith_merged_child,flag_filtered,total_children,503,1.0,1.0,1.0,1.0,2.0,4.0,7.0,10.9,59.82,100.0
galla_smith_merged_child,flag_filtered,male_share_pct,502,0.0,0.0,33.333333333333336,66.66666666666667,100.0,100.0,100.0,100.0,100.0,100.0
galla_smith_merged_child,historical_filtered,sons,103,0.0,0.0,1.0,1.0,1.0,2.0,4.0,4.0,9.94,17.0
galla_smith_merged_child,historical_filtered,daughters,103,0.0,0.0,0.0,0.0,1.0,1.0,3.0,4.0,12.84,19.0
galla_smith_merged_child,historical_filtered,total_children,103,1.0,1.0,1.0,1.0,2.0,4.0,6.8,7.9,13.98,36.0
galla_smith_merged_child,historical_filtered,male_share_pct,103,0.0,0.0,33.33333333333334,50.0,75.0,100.0,100.0,100.0,100.0,100.0
gudarz_named_sons,all,sons,526,0.0,0.0,1.0,1.0,1.0,3.0,6.0,10.0,100.0,60000.0
gudarz_named_sons,all,daughters,526,0.0,0.0,0.0,0.0,0.0,1.0,2.0,3.0,11.25,60.0
gudarz_named_sons,all,total_children,526,1.0,1.0,1.0,1.0,2.0,4.0,8.0,12.75,100.0,60000.0
gudarz_named_sons,all,male_share_pct,525,0.0,0.0,33.33333333333334,66.66666666666667,100.0,100.0,100.0,100.0,100.0,100.0
gudarz_named_sons,flag_filtered,sons,503,0.0,0.0,1.0,1.0,1.0,2.0,6.0,10.0,39.8,100.0
gudarz_named_sons,flag_filtered,daughters,503,0.0,0.0,0.0,0.0,0.0,1.0,2.0,3.9,11.94,60.0
gudarz_named_sons,flag_filtered,total_children,503,1.0,1.0,1.0,1.0,2.0,4.0,7.0,10.0,50.78,100.0
gudarz_named_sons,flag_filtered,male_share_pct,502,0.0,0.0,33.333333333333336,66.66666666666667,100.0,100.0,100.0,100.0,100.0,100.0
gudarz_named_sons,historical_filtered,sons,103,0.0,0.0,1.0,1.0,1.0,2.0,4.0,4.0,9.94,17.0
gudarz_named_sons,historical_filtered,daughters,103,0.0,0.0,0.0,0.0,1.0,1.0,3.0,4.0,12.84,19.0
gudarz_named_sons,historical_filtered,total_children,103,1.0,1.0,1.0,1.0,2.0,4.0,6.8,7.9,13.98,36.0
gudarz_named_sons,historical_filtered,male_share_pct,103,0.0,0.0,33.33333333333334,50.0,75.0,100.0,100.0,100.0,100.0,100.0
hamza_khawla_biography,all,sons,526,0.0,0.0,1.0,1.0,1.0,3.0,6.0,10.0,100.0,60000.0
hamza_khawla_biography,all,daughters,526,0.0,0.0,0.0,0.0,0.0,1.0,2.0,3.0,11.25,60.0
hamza_khawla_biography,all,total_children,526,1.0,1.0,1.0,1.0,2.0,4.0,8.0,13.0,100.0,60000.0
hamza_khawla_biography,all,male_share_pct,525,0.0,0.0,33.33333333333334,66.66666666666667,100.0,100.0,100.0,100.0,100.0,100.0
hamza_khawla_biography,flag_filtered,sons,503,0.0,0.0,1.0,1.0,1.0,2.0,6.0,10.0,40.0,100.0
hamza_khawla_biography,flag_filtered,daughters,503,0.0,0.0,0.0,0.0,0.0,1.0,2.0,3.9,11.94,60.0
hamza_khawla_biography,flag_filtered,total_children,503,1.0,1.0,1.0,1.0,2.0,4.0,7.0,10.9,59.82,100.0
hamza_khawla_biography,flag_filtered,male_share_pct,502,0.0,0.0,33.333333333333336,66.66666666666667,100.0,100.0,100.0,100.0,100.0,100.0
hamza_khawla_biography,historical_filtered,sons,103,0.0,0.0,1.0,1.0,1.0,2.0,4.0,4.0,9.94,17.0
hamza_khawla_biography,historical_filtered,daughters,103,0.0,0.0,0.0,0.0,1.0,1.5,3.0,4.0,12.84,19.0
hamza_khawla_biography,historical_filtered,total_children,103,1.0,1.0,1.0,1.0,2.0,4.0,6.8,7.9,13.98,36.0
hamza_khawla_biography,historical_filtered,male_share_pct,103,0.0,0.0,33.33333333333334,50.0,75.0,100.0,100.0,100.0,100.0,100.0
hashim_salma_haq_note,all,sons,526,0.0,0.0,1.0,1.0,1.0,3.0,6.0,10.0,100.0,60000.0
hashim_salma_haq_note,all,daughters,526,0.0,0.0,0.0,0.0,0.0,1.0,2.0,3.0,11.25,60.0
hashim_salma_haq_note,all,total_children,526,1.0,1.0,1.0,1.0,2.0,4.0,8.0,13.0,100.0,60000.0
hashim_salma_haq_note,all,male_share_pct,525,0.0,0.0,33.33333333333334,66.66666666666667,100.0,100.0,100.0,100.0,100.0,100.0
hashim_salma_haq_note,flag_filtered,sons,503,0.0,0.0,1.0,1.0,1.0,2.0,6.0,10.0,40.0,100.0
hashim_salma_haq_note,flag_filtered,daughters,503,0.0,0.0,0.0,0.0,0.0,1.0,2.0,3.9,11.94,60.0
hashim_salma_haq_note,flag_filtered,total_children,503,1.0,1.0,1.0,1.0,2.0,4.0,7.0,10.9,59.82,100.0
hashim_salma_haq_note,flag_filtered,male_share_pct,502,0.0,0.0,33.333333333333336,66.66666666666667,100.0,100.0,100.0,100.0,100.0,100.0
hashim_salma_haq_note,historical_filtered,sons,103,0.0,0.0,1.0,1.0,1.0,2.0,4.0,4.0,9.94,17.0
hashim_salma_haq_note,historical_filtered,daughters,103,0.0,0.0,0.0,0.0,1.0,1.0,3.0,4.0,12.84,19.0
hashim_salma_haq_note,historical_filtered,total_children,103,1.0,1.0,1.0,1.0,2.0,4.0,6.8,7.9,13.98,36.0
hashim_salma_haq_note,historical_filtered,male_share_pct,103,0.0,0.0,33.33333333333334,50.0,75.0,100.0,100.0,100.0,100.0,100.0
jamadagni_adi_four,all,sons,526,0.0,0.0,1.0,1.0,1.0,3.0,6.0,10.0,100.0,60000.0
jamadagni_adi_four,all,daughters,526,0.0,0.0,0.0,0.0,0.0,1.0,2.0,3.0,11.25,60.0
jamadagni_adi_four,all,total_children,526,1.0,1.0,1.0,1.0,2.0,4.0,8.0,13.0,100.0,60000.0
jamadagni_adi_four,all,male_share_pct,525,0.0,0.0,33.33333333333334,66.66666666666667,100.0,100.0,100.0,100.0,100.0,100.0
jamadagni_adi_four,flag_filtered,sons,503,0.0,0.0,1.0,1.0,1.0,2.0,6.0,10.0,40.0,100.0
jamadagni_adi_four,flag_filtered,daughters,503,0.0,0.0,0.0,0.0,0.0,1.0,2.0,3.9,11.94,60.0
jamadagni_adi_four,flag_filtered,total_children,503,1.0,1.0,1.0,1.0,2.0,4.0,7.0,10.9,59.82,100.0
jamadagni_adi_four,flag_filtered,male_share_pct,502,0.0,0.0,33.333333333333336,66.66666666666667,100.0,100.0,100.0,100.0,100.0,100.0
jamadagni_adi_four,historical_filtered,sons,103,0.0,0.0,1.0,1.0,1.0,2.0,4.0,4.0,9.94,17.0
jamadagni_adi_four,historical_filtered,daughters,103,0.0,0.0,0.0,0.0,1.0,1.0,3.0,4.0,12.84,19.0
jamadagni_adi_four,historical_filtered,total_children,103,1.0,1.0,1.0,1.0,2.0,4.0,6.8,7.9,13.98,36.0
jamadagni_adi_four,historical_filtered,male_share_pct,103,0.0,0.0,33.33333333333334,50.0,75.0,100.0,100.0,100.0,100.0,100.0
jamshid_sisters_reading,all,sons,525,0.0,0.0,1.0,1.0,1.0,3.0,6.0,10.0,100.0,60000.0
jamshid_sisters_reading,all,daughters,525,0.0,0.0,0.0,0.0,0.0,1.0,2.0,3.0,11.28,60.0
jamshid_sisters_reading,all,total_children,525,1.0,1.0,1.0,1.0,2.0,4.0,8.0,13.0,100.0,60000.0
jamshid_sisters_reading,all,male_share_pct,524,0.0,0.0,33.333333333333336,66.66666666666667,100.0,100.0,100.0,100.0,100.0,100.0
jamshid_sisters_reading,flag_filtered,sons,502,0.0,0.0,1.0,1.0,1.0,2.0,6.0,10.0,40.0,100.0
jamshid_sisters_reading,flag_filtered,daughters,502,0.0,0.0,0.0,0.0,0.0,1.0,2.0,3.95,11.97,60.0
jamshid_sisters_reading,flag_filtered,total_children,502,1.0,1.0,1.0,1.0,2.0,4.0,7.0,10.95,59.91,100.0
jamshid_sisters_reading,flag_filtered,male_share_pct,501,0.0,0.0,33.333333333333336,66.66666666666667,100.0,100.0,100.0,100.0,100.0,100.0
jamshid_sisters_reading,historical_filtered,sons,103,0.0,0.0,1.0,1.0,1.0,2.0,4.0,4.0,9.94,17.0
jamshid_sisters_reading,historical_filtered,daughters,103,0.0,0.0,0.0,0.0,1.0,1.0,3.0,4.0,12.84,19.0
jamshid_sisters_reading,historical_filtered,total_children,103,1.0,1.0,1.0,1.0,2.0,4.0,6.8,7.9,13.98,36.0
jamshid_sisters_reading,historical_filtered,male_share_pct,103,0.0,0.0,33.33333333333334,50.0,75.0,100.0,100.0,100.0,100.0,100.0
jason_apollodorus_two,all,sons,526,0.0,0.0,1.0,1.0,1.0,3.0,6.0,10.0,100.0,60000.0
jason_apollodorus_two,all,daughters,526,0.0,0.0,0.0,0.0,0.0,1.0,2.0,3.0,11.25,60.0
jason_apollodorus_two,all,total_children,526,1.0,1.0,1.0,1.0,2.0,4.0,8.0,13.0,100.0,60000.0
jason_apollodorus_two,all,male_share_pct,525,0.0,0.0,33.33333333333334,66.66666666666667,100.0,100.0,100.0,100.0,100.0,100.0
jason_apollodorus_two,flag_filtered,sons,503,0.0,0.0,1.0,1.0,1.0,2.0,6.0,10.0,40.0,100.0
jason_apollodorus_two,flag_filtered,daughters,503,0.0,0.0,0.0,0.0,0.0,1.0,2.0,3.9,11.94,60.0
jason_apollodorus_two,flag_filtered,total_children,503,1.0,1.0,1.0,1.0,2.0,4.0,7.0,10.9,59.82,100.0
jason_apollodorus_two,flag_filtered,male_share_pct,502,0.0,0.0,33.333333333333336,66.66666666666667,100.0,100.0,100.0,100.0,100.0,100.0
jason_apollodorus_two,historical_filtered,sons,103,0.0,0.0,1.0,1.0,1.0,2.0,4.0,4.0,9.94,17.0
jason_apollodorus_two,historical_filtered,daughters,103,0.0,0.0,0.0,0.0,1.0,1.0,3.0,4.0,12.84,19.0
jason_apollodorus_two,historical_filtered,total_children,103,1.0,1.0,1.0,1.0,2.0,4.0,6.8,7.9,13.98,36.0
jason_apollodorus_two,historical_filtered,male_share_pct,103,0.0,0.0,33.33333333333334,50.0,75.0,100.0,100.0,100.0,100.0,100.0
jesse_eight_sons,all,sons,526,0.0,0.0,1.0,1.0,1.0,3.0,6.0,10.0,100.0,60000.0
jesse_eight_sons,all,daughters,526,0.0,0.0,0.0,0.0,0.0,1.0,2.0,3.0,11.25,60.0
jesse_eight_sons,all,total_children,526,1.0,1.0,1.0,1.0,2.0,4.0,8.0,13.0,100.0,60000.0
jesse_eight_sons,all,male_share_pct,525,0.0,0.0,33.33333333333334,66.66666666666667,100.0,100.0,100.0,100.0,100.0,100.0
jesse_eight_sons,flag_filtered,sons,503,0.0,0.0,1.0,1.0,1.0,2.0,6.0,10.0,40.0,100.0
jesse_eight_sons,flag_filtered,daughters,503,0.0,0.0,0.0,0.0,0.0,1.0,2.0,3.9,11.94,60.0
jesse_eight_sons,flag_filtered,total_children,503,1.0,1.0,1.0,1.0,2.0,4.0,7.0,10.9,59.82,100.0
jesse_eight_sons,flag_filtered,male_share_pct,502,0.0,0.0,33.333333333333336,66.66666666666667,100.0,100.0,100.0,100.0,100.0,100.0
jesse_eight_sons,historical_filtered,sons,103,0.0,0.0,1.0,1.0,1.0,2.0,4.0,4.0,9.94,17.0
jesse_eight_sons,historical_filtered,daughters,103,0.0,0.0,0.0,0.0,1.0,1.0,3.0,4.0,12.84,19.0
jesse_eight_sons,historical_filtered,total_children,103,1.0,1.0,1.0,1.0,2.0,4.0,6.8,7.9,13.98,36.0
jesse_eight_sons,historical_filtered,male_share_pct,103,0.0,0.0,33.33333333333334,50.0,75.0,100.0,100.0,100.0,100.0,100.0
ji_chang_shiji_tai_si_ten,all,sons,526,0.0,0.0,1.0,1.0,1.0,3.0,6.0,10.0,100.0,60000.0
ji_chang_shiji_tai_si_ten,all,daughters,526,0.0,0.0,0.0,0.0,0.0,1.0,2.0,3.0,11.25,60.0
ji_chang_shiji_tai_si_ten,all,total_children,526,1.0,1.0,1.0,1.0,2.0,4.0,8.0,12.75,100.0,60000.0
ji_chang_shiji_tai_si_ten,all,male_share_pct,525,0.0,0.0,33.33333333333334,66.66666666666667,100.0,100.0,100.0,100.0,100.0,100.0
ji_chang_shiji_tai_si_ten,flag_filtered,sons,503,0.0,0.0,1.0,1.0,1.0,2.0,6.0,10.0,39.8,100.0
ji_chang_shiji_tai_si_ten,flag_filtered,daughters,503,0.0,0.0,0.0,0.0,0.0,1.0,2.0,3.9,11.94,60.0
ji_chang_shiji_tai_si_ten,flag_filtered,total_children,503,1.0,1.0,1.0,1.0,2.0,4.0,7.0,10.0,50.78,100.0
ji_chang_shiji_tai_si_ten,flag_filtered,male_share_pct,502,0.0,0.0,33.333333333333336,66.66666666666667,100.0,100.0,100.0,100.0,100.0,100.0
ji_chang_shiji_tai_si_ten,historical_filtered,sons,103,0.0,0.0,1.0,1.0,1.0,2.0,4.0,4.0,9.94,17.0
ji_chang_shiji_tai_si_ten,historical_filtered,daughters,103,0.0,0.0,0.0,0.0,1.0,1.0,3.0,4.0,12.84,19.0
ji_chang_shiji_tai_si_ten,historical_filtered,total_children,103,1.0,1.0,1.0,1.0,2.0,4.0,6.8,7.9,13.98,36.0
ji_chang_shiji_tai_si_ten,historical_filtered,male_share_pct,103,0.0,0.0,33.33333333333334,50.0,75.0,100.0,100.0,100.0,100.0,100.0
job_both_families,all,sons,526,0.0,0.0,1.0,1.0,1.0,3.0,6.0,10.0,100.0,60000.0
job_both_families,all,daughters,526,0.0,0.0,0.0,0.0,0.0,1.0,2.0,3.75,11.25,60.0
job_both_families,all,total_children,526,1.0,1.0,1.0,1.0,2.0,4.0,8.0,13.0,100.0,60000.0
job_both_families,all,male_share_pct,525,0.0,0.0,33.33333333333334,66.66666666666667,100.0,100.0,100.0,100.0,100.0,100.0
job_both_families,flag_filtered,sons,503,0.0,0.0,1.0,1.0,1.0,2.0,6.0,10.0,40.0,100.0
job_both_families,flag_filtered,daughters,503,0.0,0.0,0.0,0.0,0.0,1.0,2.0,4.0,11.94,60.0
job_both_families,flag_filtered,total_children,503,1.0,1.0,1.0,1.0,2.0,4.0,7.0,11.0,59.82,100.0
job_both_families,flag_filtered,male_share_pct,502,0.0,0.0,33.333333333333336,66.66666666666667,100.0,100.0,100.0,100.0,100.0,100.0
job_both_families,historical_filtered,sons,103,0.0,0.0,1.0,1.0,1.0,2.0,4.0,4.0,9.94,17.0
job_both_families,historical_filtered,daughters,103,0.0,0.0,0.0,0.0,1.0,1.0,3.0,4.0,12.84,19.0
job_both_families,historical_filtered,total_children,103,1.0,1.0,1.0,1.0,2.0,4.0,6.8,7.9,13.98,36.0
job_both_families,historical_filtered,male_share_pct,103,0.0,0.0,33.33333333333334,50.0,75.0,100.0,100.0,100.0,100.0,100.0
katayun_farshidvard_reading,all,sons,526,0.0,0.0,1.0,1.0,1.0,3.0,6.0,10.0,100.0,60000.0
katayun_farshidvard_reading,all,daughters,526,0.0,0.0,0.0,0.0,0.0,1.0,2.0,3.0,11.25,60.0
katayun_farshidvard_reading,all,total_children,526,1.0,1.0,1.0,1.0,2.0,4.0,8.0,13.0,100.0,60000.0
katayun_farshidvard_reading,all,male_share_pct,525,0.0,0.0,33.33333333333334,66.66666666666667,100.0,100.0,100.0,100.0,100.0,100.0
katayun_farshidvard_reading,flag_filtered,sons,503,0.0,0.0,1.0,1.0,1.0,2.0,6.0,10.0,40.0,100.0
katayun_farshidvard_reading,flag_filtered,daughters,503,0.0,0.0,0.0,0.0,0.0,1.0,2.0,3.9,11.94,60.0
katayun_farshidvard_reading,flag_filtered,total_children,503,1.0,1.0,1.0,1.0,2.0,4.0,7.0,10.9,59.82,100.0
katayun_farshidvard_reading,flag_filtered,male_share_pct,502,0.0,0.0,33.333333333333336,66.66666666666667,100.0,100.0,100.0,100.0,100.0,100.0
katayun_farshidvard_reading,historical_filtered,sons,103,0.0,0.0,1.0,1.0,1.0,2.0,4.0,4.0,9.94,17.0
katayun_farshidvard_reading,historical_filtered,daughters,103,0.0,0.0,0.0,0.0,1.0,1.0,3.0,4.0,12.84,19.0
katayun_farshidvard_reading,historical_filtered,total_children,103,1.0,1.0,1.0,1.0,2.0,4.0,6.8,7.9,13.98,36.0
katayun_farshidvard_reading,historical_filtered,male_share_pct,103,0.0,0.0,33.33333333333334,50.0,75.0,100.0,100.0,100.0,100.0,100.0
kesari_brahmanda_five,all,sons,526,0.0,0.0,1.0,1.0,1.0,3.0,6.0,10.0,100.0,60000.0
kesari_brahmanda_five,all,daughters,526,0.0,0.0,0.0,0.0,0.0,1.0,2.0,3.0,11.25,60.0
kesari_brahmanda_five,all,total_children,526,1.0,1.0,1.0,1.0,2.0,4.0,8.0,13.0,100.0,60000.0
kesari_brahmanda_five,all,male_share_pct,525,0.0,0.0,33.33333333333334,66.66666666666667,100.0,100.0,100.0,100.0,100.0,100.0
kesari_brahmanda_five,flag_filtered,sons,503,0.0,0.0,1.0,1.0,1.0,2.5,6.0,10.0,40.0,100.0
kesari_brahmanda_five,flag_filtered,daughters,503,0.0,0.0,0.0,0.0,0.0,1.0,2.0,3.9,11.94,60.0
kesari_brahmanda_five,flag_filtered,total_children,503,1.0,1.0,1.0,1.0,2.0,4.0,7.0,10.9,59.82,100.0
kesari_brahmanda_five,flag_filtered,male_share_pct,502,0.0,0.0,33.333333333333336,66.66666666666667,100.0,100.0,100.0,100.0,100.0,100.0
kesari_brahmanda_five,historical_filtered,sons,103,0.0,0.0,1.0,1.0,1.0,2.0,4.0,4.0,9.94,17.0
kesari_brahmanda_five,historical_filtered,daughters,103,0.0,0.0,0.0,0.0,1.0,1.0,3.0,4.0,12.84,19.0
kesari_brahmanda_five,historical_filtered,total_children,103,1.0,1.0,1.0,1.0,2.0,4.0,6.8,7.9,13.98,36.0
kesari_brahmanda_five,historical_filtered,male_share_pct,103,0.0,0.0,33.33333333333334,50.0,75.0,100.0,100.0,100.0,100.0,100.0
khalid_mughultay_five,all,sons,526,0.0,0.0,1.0,1.0,1.0,3.0,6.0,10.0,100.0,60000.0
khalid_mughultay_five,all,daughters,526,0.0,0.0,0.0,0.0,0.0,1.0,2.0,3.0,11.25,60.0
khalid_mughultay_five,all,total_children,526,1.0,1.0,1.0,1.0,2.0,4.0,8.0,13.0,100.0,60000.0
khalid_mughultay_five,all,male_share_pct,525,0.0,0.0,33.33333333333334,66.66666666666667,100.0,100.0,100.0,100.0,100.0,100.0
khalid_mughultay_five,flag_filtered,sons,503,0.0,0.0,1.0,1.0,1.0,2.0,6.0,10.0,40.0,100.0
khalid_mughultay_five,flag_filtered,daughters,503,0.0,0.0,0.0,0.0,0.0,1.0,2.0,3.9,11.94,60.0
khalid_mughultay_five,flag_filtered,total_children,503,1.0,1.0,1.0,1.0,2.0,4.0,7.0,10.9,59.82,100.0
khalid_mughultay_five,flag_filtered,male_share_pct,502,0.0,0.0,33.333333333333336,66.66666666666667,100.0,100.0,100.0,100.0,100.0,100.0
khalid_mughultay_five,historical_filtered,sons,103,0.0,0.0,1.0,1.0,1.0,2.0,4.0,4.9,9.94,17.0
khalid_mughultay_five,historical_filtered,daughters,103,0.0,0.0,0.0,0.0,1.0,1.0,3.0,4.0,12.84,19.0
khalid_mughultay_five,historical_filtered,total_children,103,1.0,1.0,1.0,1.0,2.0,4.0,6.8,7.9,13.98,36.0
khalid_mughultay_five,historical_filtered,male_share_pct,103,0.0,0.0,33.33333333333334,50.0,75.0,100.0,100.0,100.0,100.0,100.0
lot_two_daughters,all,sons,526,0.0,0.0,1.0,1.0,1.0,3.0,6.0,10.0,100.0,60000.0
lot_two_daughters,all,daughters,526,0.0,0.0,0.0,0.0,0.0,1.0,2.0,3.0,11.25,60.0
lot_two_daughters,all,total_children,526,1.0,1.0,1.0,1.0,2.0,4.0,8.0,13.0,100.0,60000.0
lot_two_daughters,all,male_share_pct,525,0.0,0.0,33.33333333333334,66.66666666666667,100.0,100.0,100.0,100.0,100.0,100.0
lot_two_daughters,flag_filtered,sons,503,0.0,0.0,1.0,1.0,1.0,2.0,6.0,10.0,40.0,100.0
lot_two_daughters,flag_filtered,daughters,503,0.0,0.0,0.0,0.0,0.0,1.0,2.0,3.0,11.94,60.0
lot_two_daughters,flag_filtered,total_children,503,1.0,1.0,1.0,1.0,2.0,4.0,7.0,10.9,59.82,100.0
lot_two_daughters,flag_filtered,male_share_pct,502,0.0,0.0,33.333333333333336,66.66666666666667,100.0,100.0,100.0,100.0,100.0,100.0
lot_two_daughters,historical_filtered,sons,103,0.0,0.0,1.0,1.0,1.0,2.0,4.0,4.0,9.94,17.0
lot_two_daughters,historical_filtered,daughters,103,0.0,0.0,0.0,0.0,1.0,1.0,3.0,4.0,12.84,19.0
lot_two_daughters,historical_filtered,total_children,103,1.0,1.0,1.0,1.0,2.0,4.0,6.8,7.9,13.98,36.0
lot_two_daughters,historical_filtered,male_share_pct,103,0.0,0.0,33.33333333333334,50.0,75.0,100.0,100.0,100.0,100.0,100.0
louhi_two_daughters_scope,all,sons,526,0.0,0.0,1.0,1.0,1.0,3.0,6.0,10.0,100.0,60000.0
louhi_two_daughters_scope,all,daughters,526,0.0,0.0,0.0,0.0,0.0,1.0,2.0,3.0,11.25,60.0
louhi_two_daughters_scope,all,total_children,526,1.0,1.0,1.0,1.0,2.0,4.0,8.0,13.0,100.0,60000.0
louhi_two_daughters_scope,all,male_share_pct,525,0.0,0.0,32.42424242424242,66.66666666666667,100.0,100.0,100.0,100.0,100.0,100.0
louhi_two_daughters_scope,flag_filtered,sons,503,0.0,0.0,1.0,1.0,1.0,2.0,6.0,10.0,40.0,100.0
louhi_two_daughters_scope,flag_filtered,daughters,503,0.0,0.0,0.0,0.0,0.0,1.0,2.0,3.9,11.94,60.0
louhi_two_daughters_scope,flag_filtered,total_children,503,1.0,1.0,1.0,1.0,2.0,4.0,7.0,10.9,59.82,100.0
louhi_two_daughters_scope,flag_filtered,male_share_pct,502,0.0,0.0,33.333333333333336,66.66666666666667,100.0,100.0,100.0,100.0,100.0,100.0
louhi_two_daughters_scope,historical_filtered,sons,103,0.0,0.0,1.0,1.0,1.0,2.0,4.0,4.0,9.94,17.0
louhi_two_daughters_scope,historical_filtered,daughters,103,0.0,0.0,0.0,0.0,1.0,1.0,3.0,4.0,12.84,19.0
louhi_two_daughters_scope,historical_filtered,total_children,103,1.0,1.0,1.0,1.0,2.0,4.0,6.8,7.9,13.98,36.0
louhi_two_daughters_scope,historical_filtered,male_share_pct,103,0.0,0.0,33.33333333333334,50.0,75.0,100.0,100.0,100.0,100.0,100.0
mahavira_digambara_celibacy,all,sons,525,0.0,0.0,1.0,1.0,1.0,3.0,6.0,10.0,100.0,60000.0
mahavira_digambara_celibacy,all,daughters,525,0.0,0.0,0.0,0.0,0.0,1.0,2.0,3.0,11.28,60.0
mahavira_digambara_celibacy,all,total_children,525,1.0,1.0,1.0,1.0,2.0,4.0,8.0,13.0,100.0,60000.0
mahavira_digambara_celibacy,all,male_share_pct,524,0.0,0.0,33.333333333333336,66.66666666666667,100.0,100.0,100.0,100.0,100.0,100.0
mahavira_digambara_celibacy,flag_filtered,sons,502,0.0,0.0,1.0,1.0,1.0,2.0,6.0,10.0,40.0,100.0
mahavira_digambara_celibacy,flag_filtered,daughters,502,0.0,0.0,0.0,0.0,0.0,1.0,2.0,3.95,11.97,60.0
mahavira_digambara_celibacy,flag_filtered,total_children,502,1.0,1.0,1.0,1.0,2.0,4.0,7.0,10.95,59.91,100.0
mahavira_digambara_celibacy,flag_filtered,male_share_pct,501,0.0,0.0,33.333333333333336,66.66666666666667,100.0,100.0,100.0,100.0,100.0,100.0
mahavira_digambara_celibacy,historical_filtered,sons,103,0.0,0.0,1.0,1.0,1.0,2.0,4.0,4.0,9.94,17.0
mahavira_digambara_celibacy,historical_filtered,daughters,103,0.0,0.0,0.0,0.0,1.0,1.0,3.0,4.0,12.84,19.0
mahavira_digambara_celibacy,historical_filtered,total_children,103,1.0,1.0,1.0,1.0,2.0,4.0,6.8,7.9,13.98,36.0
mahavira_digambara_celibacy,historical_filtered,male_share_pct,103,0.0,0.0,33.33333333333334,50.0,75.0,100.0,100.0,100.0,100.0,100.0
manasa_shiva_lotus,all,sons,525,0.0,0.0,1.0,1.0,1.0,3.0,6.0,10.0,100.0,60000.0
manasa_shiva_lotus,all,daughters,525,0.0,0.0,0.0,0.0,0.0,1.0,2.0,3.0,11.28,60.0
manasa_shiva_lotus,all,total_children,525,1.0,1.0,1.0,1.0,2.0,4.0,8.0,13.0,100.0,60000.0
manasa_shiva_lotus,all,male_share_pct,524,0.0,0.0,33.333333333333336,66.66666666666667,100.0,100.0,100.0,100.0,100.0,100.0
manasa_shiva_lotus,flag_filtered,sons,502,0.0,0.0,1.0,1.0,1.0,2.0,6.0,10.0,40.0,100.0
manasa_shiva_lotus,flag_filtered,daughters,502,0.0,0.0,0.0,0.0,0.0,1.0,2.0,3.95,11.97,60.0
manasa_shiva_lotus,flag_filtered,total_children,502,1.0,1.0,1.0,1.0,2.0,4.0,7.0,10.95,59.91,100.0
manasa_shiva_lotus,flag_filtered,male_share_pct,501,0.0,0.0,33.333333333333336,66.66666666666667,100.0,100.0,100.0,100.0,100.0,100.0
manasa_shiva_lotus,historical_filtered,sons,103,0.0,0.0,1.0,1.0,1.0,2.0,4.0,4.0,9.94,17.0
manasa_shiva_lotus,historical_filtered,daughters,103,0.0,0.0,0.0,0.0,1.0,1.0,3.0,4.0,12.84,19.0
manasa_shiva_lotus,historical_filtered,total_children,103,1.0,1.0,1.0,1.0,2.0,4.0,6.8,7.9,13.98,36.0
manasa_shiva_lotus,historical_filtered,male_share_pct,103,0.0,0.0,33.33333333333334,50.0,75.0,100.0,100.0,100.0,100.0,100.0
mandodari_mani_three,all,sons,525,0.0,0.0,1.0,1.0,1.0,3.0,6.0,10.0,100.0,60000.0
mandodari_mani_three,all,daughters,525,0.0,0.0,0.0,0.0,0.0,1.0,2.0,3.0,11.28,60.0
mandodari_mani_three,all,total_children,525,1.0,1.0,1.0,1.0,2.0,4.0,8.0,13.0,100.0,60000.0
mandodari_mani_three,all,male_share_pct,524,0.0,0.0,33.333333333333336,66.66666666666667,100.0,100.0,100.0,100.0,100.0,100.0
mandodari_mani_three,flag_filtered,sons,502,0.0,0.0,1.0,1.0,1.0,2.75,6.0,10.0,40.0,100.0
mandodari_mani_three,flag_filtered,daughters,502,0.0,0.0,0.0,0.0,0.0,1.0,2.0,3.95,11.97,60.0
mandodari_mani_three,flag_filtered,total_children,502,1.0,1.0,1.0,1.0,2.0,4.0,7.0,10.95,59.91,100.0
mandodari_mani_three,flag_filtered,male_share_pct,501,0.0,0.0,33.333333333333336,66.66666666666667,100.0,100.0,100.0,100.0,100.0,100.0
mandodari_mani_three,historical_filtered,sons,103,0.0,0.0,1.0,1.0,1.0,2.0,4.0,4.0,9.94,17.0
mandodari_mani_three,historical_filtered,daughters,103,0.0,0.0,0.0,0.0,1.0,1.0,3.0,4.0,12.84,19.0
mandodari_mani_three,historical_filtered,total_children,103,1.0,1.0,1.0,1.0,2.0,4.0,6.8,7.9,13.98,36.0
mandodari_mani_three,historical_filtered,male_share_pct,103,0.0,0.0,33.33333333333334,50.0,75.0,100.0,100.0,100.0,100.0,100.0
mary_catholic_kinship,all,sons,526,0.0,0.0,1.0,1.0,1.0,3.0,6.0,10.0,100.0,60000.0
mary_catholic_kinship,all,daughters,526,0.0,0.0,0.0,0.0,0.0,1.0,2.0,3.0,11.25,60.0
mary_catholic_kinship,all,total_children,526,1.0,1.0,1.0,1.0,2.0,4.0,8.0,13.0,100.0,60000.0
mary_catholic_kinship,all,male_share_pct,525,0.0,0.0,33.33333333333334,66.66666666666667,100.0,100.0,100.0,100.0,100.0,100.0
mary_catholic_kinship,flag_filtered,sons,503,0.0,0.0,1.0,1.0,1.0,2.0,6.0,10.0,40.0,100.0
mary_catholic_kinship,flag_filtered,daughters,503,0.0,0.0,0.0,0.0,0.0,1.0,2.0,3.9,11.94,60.0
mary_catholic_kinship,flag_filtered,total_children,503,1.0,1.0,1.0,1.0,2.0,4.0,7.0,10.9,59.82,100.0
mary_catholic_kinship,flag_filtered,male_share_pct,502,0.0,0.0,33.333333333333336,66.66666666666667,100.0,100.0,100.0,100.0,100.0,100.0
mary_catholic_kinship,historical_filtered,sons,103,0.0,0.0,1.0,1.0,1.0,2.0,4.0,4.0,9.94,17.0
mary_catholic_kinship,historical_filtered,daughters,103,0.0,0.0,0.0,0.0,1.0,1.0,3.0,4.0,12.84,19.0
mary_catholic_kinship,historical_filtered,total_children,103,1.0,1.0,1.0,1.0,2.0,4.0,6.8,7.9,13.98,36.0
mary_catholic_kinship,historical_filtered,male_share_pct,103,0.0,0.0,33.33333333333334,50.0,75.0,100.0,100.0,100.0,100.0,100.0
menelaus_apollodorus_nicostratus,all,sons,526,0.0,0.0,1.0,1.0,1.0,3.0,6.0,10.0,100.0,60000.0
menelaus_apollodorus_nicostratus,all,daughters,526,0.0,0.0,0.0,0.0,0.0,1.0,2.0,3.0,11.25,60.0
menelaus_apollodorus_nicostratus,all,total_children,526,1.0,1.0,1.0,1.0,2.0,4.0,8.0,13.0,100.0,60000.0
menelaus_apollodorus_nicostratus,all,male_share_pct,525,0.0,0.0,33.33333333333334,66.66666666666667,100.0,100.0,100.0,100.0,100.0,100.0
menelaus_apollodorus_nicostratus,flag_filtered,sons,503,0.0,0.0,1.0,1.0,1.0,2.0,6.0,10.0,40.0,100.0
menelaus_apollodorus_nicostratus,flag_filtered,daughters,503,0.0,0.0,0.0,0.0,0.0,1.0,2.0,3.9,11.94,60.0
menelaus_apollodorus_nicostratus,flag_filtered,total_children,503,1.0,1.0,1.0,1.0,2.0,4.0,7.0,10.9,59.82,100.0
menelaus_apollodorus_nicostratus,flag_filtered,male_share_pct,502,0.0,0.0,33.333333333333336,66.66666666666667,100.0,100.0,100.0,100.0,100.0,100.0
menelaus_apollodorus_nicostratus,historical_filtered,sons,103,0.0,0.0,1.0,1.0,1.0,2.0,4.0,4.0,9.94,17.0
menelaus_apollodorus_nicostratus,historical_filtered,daughters,103,0.0,0.0,0.0,0.0,1.0,1.0,3.0,4.0,12.84,19.0
menelaus_apollodorus_nicostratus,historical_filtered,total_children,103,1.0,1.0,1.0,1.0,2.0,4.0,6.8,7.9,13.98,36.0
menelaus_apollodorus_nicostratus,historical_filtered,male_share_pct,103,0.0,0.0,33.33333333333334,50.0,75.0,100.0,100.0,100.0,100.0,100.0
musa_irshad_english_37,all,sons,526,0.0,0.0,1.0,1.0,1.0,3.0,6.0,10.0,100.0,60000.0
musa_irshad_english_37,all,daughters,526,0.0,0.0,0.0,0.0,0.0,1.0,2.0,3.0,11.25,60.0
musa_irshad_english_37,all,total_children,526,1.0,1.0,1.0,1.0,2.0,4.0,8.0,13.0,100.0,60000.0
musa_irshad_english_37,all,male_share_pct,525,0.0,0.0,33.33333333333334,66.66666666666667,100.0,100.0,100.0,100.0,100.0,100.0
musa_irshad_english_37,flag_filtered,sons,503,0.0,0.0,1.0,1.0,1.0,2.0,6.0,10.0,40.0,100.0
musa_irshad_english_37,flag_filtered,daughters,503,0.0,0.0,0.0,0.0,0.0,1.0,2.0,3.9,11.94,60.0
musa_irshad_english_37,flag_filtered,total_children,503,1.0,1.0,1.0,1.0,2.0,4.0,7.0,10.9,59.82,100.0
musa_irshad_english_37,flag_filtered,male_share_pct,502,0.0,0.0,33.333333333333336,66.66666666666667,100.0,100.0,100.0,100.0,100.0,100.0
musa_irshad_english_37,historical_filtered,sons,103,0.0,0.0,1.0,1.0,1.0,2.0,4.0,4.0,9.94,18.0
musa_irshad_english_37,historical_filtered,daughters,103,0.0,0.0,0.0,0.0,1.0,1.0,3.0,4.0,12.84,18.0
musa_irshad_english_37,historical_filtered,total_children,103,1.0,1.0,1.0,1.0,2.0,4.0,6.8,7.9,13.98,36.0
musa_irshad_english_37,historical_filtered,male_share_pct,103,0.0,0.0,33.33333333333334,50.0,75.0,100.0,100.0,100.0,100.0,100.0
muttalib_fatimah_tabari,all,sons,526,0.0,0.0,1.0,1.0,1.0,3.0,6.0,10.0,100.0,60000.0
muttalib_fatimah_tabari,all,daughters,526,0.0,0.0,0.0,0.0,0.0,1.0,2.0,3.0,11.25,60.0
muttalib_fatimah_tabari,all,total_children,526,1.0,1.0,1.0,1.0,2.0,4.0,8.0,13.0,100.0,60000.0
muttalib_fatimah_tabari,all,male_share_pct,525,0.0,0.0,33.33333333333334,66.66666666666667,100.0,100.0,100.0,100.0,100.0,100.0
muttalib_fatimah_tabari,flag_filtered,sons,503,0.0,0.0,1.0,1.0,1.0,2.0,6.0,10.0,40.0,100.0
muttalib_fatimah_tabari,flag_filtered,daughters,503,0.0,0.0,0.0,0.0,0.0,1.0,2.0,3.0,11.94,60.0
muttalib_fatimah_tabari,flag_filtered,total_children,503,1.0,1.0,1.0,1.0,2.0,4.0,7.0,10.9,59.82,100.0
muttalib_fatimah_tabari,flag_filtered,male_share_pct,502,0.0,0.0,33.333333333333336,66.66666666666667,100.0,100.0,100.0,100.0,100.0,100.0
muttalib_fatimah_tabari,historical_filtered,sons,103,0.0,0.0,1.0,1.0,1.0,2.0,4.0,4.0,9.94,17.0
muttalib_fatimah_tabari,historical_filtered,daughters,103,0.0,0.0,0.0,0.0,1.0,1.0,3.0,4.0,12.84,19.0
muttalib_fatimah_tabari,historical_filtered,total_children,103,1.0,1.0,1.0,1.0,2.0,4.0,6.8,7.0,13.98,36.0
muttalib_fatimah_tabari,historical_filtered,male_share_pct,103,0.0,0.0,33.33333333333334,50.0,75.0,100.0,100.0,100.0,100.0,100.0
muttalib_nutaylah_ibn_sad,all,sons,526,0.0,0.0,1.0,1.0,1.0,3.0,6.0,10.0,100.0,60000.0
muttalib_nutaylah_ibn_sad,all,daughters,526,0.0,0.0,0.0,0.0,0.0,1.0,2.0,3.0,11.25,60.0
muttalib_nutaylah_ibn_sad,all,total_children,526,1.0,1.0,1.0,1.0,2.0,4.0,8.0,13.0,100.0,60000.0
muttalib_nutaylah_ibn_sad,all,male_share_pct,525,0.0,0.0,33.33333333333334,66.66666666666667,100.0,100.0,100.0,100.0,100.0,100.0
muttalib_nutaylah_ibn_sad,flag_filtered,sons,503,0.0,0.0,1.0,1.0,1.0,2.5,6.0,10.0,40.0,100.0
muttalib_nutaylah_ibn_sad,flag_filtered,daughters,503,0.0,0.0,0.0,0.0,0.0,1.0,2.0,3.9,11.94,60.0
muttalib_nutaylah_ibn_sad,flag_filtered,total_children,503,1.0,1.0,1.0,1.0,2.0,4.0,7.0,10.9,59.82,100.0
muttalib_nutaylah_ibn_sad,flag_filtered,male_share_pct,502,0.0,0.0,33.333333333333336,66.66666666666667,100.0,100.0,100.0,100.0,100.0,100.0
muttalib_nutaylah_ibn_sad,historical_filtered,sons,103,0.0,0.0,1.0,1.0,1.0,2.0,4.0,4.0,9.94,17.0
muttalib_nutaylah_ibn_sad,historical_filtered,daughters,103,0.0,0.0,0.0,0.0,1.0,1.0,3.0,4.0,12.84,19.0
muttalib_nutaylah_ibn_sad,historical_filtered,total_children,103,1.0,1.0,1.0,1.0,2.0,4.0,6.8,7.9,13.98,36.0
muttalib_nutaylah_ibn_sad,historical_filtered,male_share_pct,103,0.0,0.0,33.33333333333334,50.0,75.0,100.0,100.0,100.0,100.0,100.0
numa_four_sons,all,sons,527,0.0,0.0,1.0,1.0,1.0,3.0,6.0,10.0,100.0,60000.0
numa_four_sons,all,daughters,527,0.0,0.0,0.0,0.0,0.0,1.0,2.0,3.0,11.22,60.0
numa_four_sons,all,total_children,527,1.0,1.0,1.0,1.0,2.0,4.0,8.0,13.0,100.0,60000.0
numa_four_sons,all,male_share_pct,526,0.0,0.0,33.333333333333336,66.66666666666667,100.0,100.0,100.0,100.0,100.0,100.0
numa_four_sons,flag_filtered,sons,504,0.0,0.0,1.0,1.0,1.0,2.25,6.0,10.0,40.0,100.0
numa_four_sons,flag_filtered,daughters,504,0.0,0.0,0.0,0.0,0.0,1.0,2.0,3.85,11.91,60.0
numa_four_sons,flag_filtered,total_children,504,1.0,1.0,1.0,1.0,2.0,4.0,7.0,10.85,59.73,100.0
numa_four_sons,flag_filtered,male_share_pct,503,0.0,0.0,33.33333333333334,66.66666666666667,100.0,100.0,100.0,100.0,100.0,100.0
numa_four_sons,historical_filtered,sons,103,0.0,0.0,1.0,1.0,1.0,2.0,4.0,4.0,9.94,17.0
numa_four_sons,historical_filtered,daughters,103,0.0,0.0,0.0,0.0,1.0,1.0,3.0,4.0,12.84,19.0
numa_four_sons,historical_filtered,total_children,103,1.0,1.0,1.0,1.0,2.0,4.0,6.8,7.9,13.98,36.0
numa_four_sons,historical_filtered,male_share_pct,103,0.0,0.0,33.33333333333334,50.0,75.0,100.0,100.0,100.0,100.0,100.0
numa_lucretia_pompilia,all,sons,526,0.0,0.0,1.0,1.0,1.0,3.0,6.0,10.0,100.0,60000.0
numa_lucretia_pompilia,all,daughters,526,0.0,0.0,0.0,0.0,0.0,1.0,2.0,3.0,11.25,60.0
numa_lucretia_pompilia,all,total_children,526,1.0,1.0,1.0,1.0,2.0,4.0,8.0,13.0,100.0,60000.0
numa_lucretia_pompilia,all,male_share_pct,525,0.0,0.0,33.33333333333334,66.66666666666667,100.0,100.0,100.0,100.0,100.0,100.0
numa_lucretia_pompilia,flag_filtered,sons,503,0.0,0.0,1.0,1.0,1.0,2.0,6.0,10.0,40.0,100.0
numa_lucretia_pompilia,flag_filtered,daughters,503,0.0,0.0,0.0,0.0,0.0,1.0,2.0,3.9,11.94,60.0
numa_lucretia_pompilia,flag_filtered,total_children,503,1.0,1.0,1.0,1.0,2.0,4.0,7.0,10.9,59.82,100.0
numa_lucretia_pompilia,flag_filtered,male_share_pct,502,0.0,0.0,33.333333333333336,66.66666666666667,100.0,100.0,100.0,100.0,100.0,100.0
numa_lucretia_pompilia,historical_filtered,sons,103,0.0,0.0,1.0,1.0,1.0,2.0,4.0,4.0,9.94,17.0
numa_lucretia_pompilia,historical_filtered,daughters,103,0.0,0.0,0.0,0.0,1.0,1.0,3.0,4.0,12.84,19.0
numa_lucretia_pompilia,historical_filtered,total_children,103,1.0,1.0,1.0,1.0,2.0,4.0,6.8,7.9,13.98,36.0
numa_lucretia_pompilia,historical_filtered,male_share_pct,103,0.0,0.0,33.33333333333334,50.0,75.0,100.0,100.0,100.0,100.0,100.0
nut_plutarch_epagomenal,all,sons,528,0.0,0.0,1.0,1.0,1.0,3.0,6.0,10.0,100.0,60000.0
nut_plutarch_epagomenal,all,daughters,528,0.0,0.0,0.0,0.0,0.0,1.0,2.0,3.0,11.19,60.0
nut_plutarch_epagomenal,all,total_children,528,1.0,1.0,1.0,1.0,2.0,4.0,8.0,13.0,100.0,60000.0
nut_plutarch_epagomenal,all,male_share_pct,527,0.0,0.0,32.72727272727273,66.66666666666667,100.0,100.0,100.0,100.0,100.0,100.0
nut_plutarch_epagomenal,flag_filtered,sons,505,0.0,0.0,1.0,1.0,1.0,2.0,6.0,10.0,40.0,100.0
nut_plutarch_epagomenal,flag_filtered,daughters,505,0.0,0.0,0.0,0.0,0.0,1.0,2.0,3.8,11.88,60.0
nut_plutarch_epagomenal,flag_filtered,total_children,505,1.0,1.0,1.0,1.0,2.0,4.0,7.0,10.8,59.64,100.0
nut_plutarch_epagomenal,flag_filtered,male_share_pct,504,0.0,0.0,33.333333333333336,66.66666666666667,100.0,100.0,100.0,100.0,100.0,100.0
nut_plutarch_epagomenal,historical_filtered,sons,103,0.0,0.0,1.0,1.0,1.0,2.0,4.0,4.0,9.94,17.0
nut_plutarch_epagomenal,historical_filtered,daughters,103,0.0,0.0,0.0,0.0,1.0,1.0,3.0,4.0,12.84,19.0
nut_plutarch_epagomenal,historical_filtered,total_children,103,1.0,1.0,1.0,1.0,2.0,4.0,6.8,7.9,13.98,36.0
nut_plutarch_epagomenal,historical_filtered,male_share_pct,103,0.0,0.0,33.33333333333334,50.0,75.0,100.0,100.0,100.0,100.0,100.0
paris_dictys_three,all,sons,526,0.0,0.0,1.0,1.0,1.0,3.0,6.0,10.0,100.0,60000.0
paris_dictys_three,all,daughters,526,0.0,0.0,0.0,0.0,0.0,1.0,2.0,3.0,11.25,60.0
paris_dictys_three,all,total_children,526,1.0,1.0,1.0,1.0,2.0,4.0,8.0,13.0,100.0,60000.0
paris_dictys_three,all,male_share_pct,525,0.0,0.0,33.33333333333334,66.66666666666667,100.0,100.0,100.0,100.0,100.0,100.0
paris_dictys_three,flag_filtered,sons,503,0.0,0.0,1.0,1.0,1.0,2.5,6.0,10.0,40.0,100.0
paris_dictys_three,flag_filtered,daughters,503,0.0,0.0,0.0,0.0,0.0,1.0,2.0,3.9,11.94,60.0
paris_dictys_three,flag_filtered,total_children,503,1.0,1.0,1.0,1.0,2.0,4.0,7.0,10.9,59.82,100.0
paris_dictys_three,flag_filtered,male_share_pct,502,0.0,0.0,33.333333333333336,66.66666666666667,100.0,100.0,100.0,100.0,100.0,100.0
paris_dictys_three,historical_filtered,sons,103,0.0,0.0,1.0,1.0,1.0,2.0,4.0,4.0,9.94,17.0
paris_dictys_three,historical_filtered,daughters,103,0.0,0.0,0.0,0.0,1.0,1.0,3.0,4.0,12.84,19.0
paris_dictys_three,historical_filtered,total_children,103,1.0,1.0,1.0,1.0,2.0,4.0,6.8,7.9,13.98,36.0
paris_dictys_three,historical_filtered,male_share_pct,103,0.0,0.0,33.33333333333334,50.0,75.0,100.0,100.0,100.0,100.0,100.0
poseidon_apollodorus_rhode,all,sons,526,0.0,0.0,1.0,1.0,1.0,3.0,6.0,10.0,100.0,60000.0
poseidon_apollodorus_rhode,all,daughters,526,0.0,0.0,0.0,0.0,0.0,1.0,2.0,3.0,11.25,60.0
poseidon_apollodorus_rhode,all,total_children,526,1.0,1.0,1.0,1.0,2.0,4.0,8.0,13.0,100.0,60000.0
poseidon_apollodorus_rhode,all,male_share_pct,525,0.0,0.0,33.33333333333334,66.66666666666667,100.0,100.0,100.0,100.0,100.0,100.0
poseidon_apollodorus_rhode,flag_filtered,sons,503,0.0,0.0,1.0,1.0,1.0,2.0,6.0,10.0,40.0,100.0
poseidon_apollodorus_rhode,flag_filtered,daughters,503,0.0,0.0,0.0,0.0,0.0,1.0,2.0,3.9,11.94,60.0
poseidon_apollodorus_rhode,flag_filtered,total_children,503,1.0,1.0,1.0,1.0,2.0,4.0,7.0,10.9,59.82,100.0
poseidon_apollodorus_rhode,flag_filtered,male_share_pct,502,0.0,0.0,33.333333333333336,66.66666666666667,100.0,100.0,100.0,100.0,100.0,100.0
poseidon_apollodorus_rhode,historical_filtered,sons,103,0.0,0.0,1.0,1.0,1.0,2.0,4.0,4.0,9.94,17.0
poseidon_apollodorus_rhode,historical_filtered,daughters,103,0.0,0.0,0.0,0.0,1.0,1.0,3.0,4.0,12.84,19.0
poseidon_apollodorus_rhode,historical_filtered,total_children,103,1.0,1.0,1.0,1.0,2.0,4.0,6.8,7.9,13.98,36.0
poseidon_apollodorus_rhode,historical_filtered,male_share_pct,103,0.0,0.0,33.33333333333334,50.0,75.0,100.0,100.0,100.0,100.0,100.0
prahlada_mahabharata_three,all,sons,526,0.0,0.0,1.0,1.0,1.0,3.0,6.0,10.0,100.0,60000.0
prahlada_mahabharata_three,all,daughters,526,0.0,0.0,0.0,0.0,0.0,1.0,2.0,3.0,11.25,60.0
prahlada_mahabharata_three,all,total_children,526,1.0,1.0,1.0,1.0,2.0,4.0,8.0,13.0,100.0,60000.0
prahlada_mahabharata_three,all,male_share_pct,525,0.0,0.0,33.33333333333334,66.66666666666667,100.0,100.0,100.0,100.0,100.0,100.0
prahlada_mahabharata_three,flag_filtered,sons,503,0.0,0.0,1.0,1.0,1.0,2.5,6.0,10.0,40.0,100.0
prahlada_mahabharata_three,flag_filtered,daughters,503,0.0,0.0,0.0,0.0,0.0,1.0,2.0,3.9,11.94,60.0
prahlada_mahabharata_three,flag_filtered,total_children,503,1.0,1.0,1.0,1.0,2.0,4.0,7.0,10.9,59.82,100.0
prahlada_mahabharata_three,flag_filtered,male_share_pct,502,0.0,0.0,33.333333333333336,66.66666666666667,100.0,100.0,100.0,100.0,100.0,100.0
prahlada_mahabharata_three,historical_filtered,sons,103,0.0,0.0,1.0,1.0,1.0,2.0,4.0,4.0,9.94,17.0
prahlada_mahabharata_three,historical_filtered,daughters,103,0.0,0.0,0.0,0.0,1.0,1.0,3.0,4.0,12.84,19.0
prahlada_mahabharata_three,historical_filtered,total_children,103,1.0,1.0,1.0,1.0,2.0,4.0,6.8,7.9,13.98,36.0
prahlada_mahabharata_three,historical_filtered,male_share_pct,103,0.0,0.0,33.33333333333334,50.0,75.0,100.0,100.0,100.0,100.0,100.0
priam_apollodorus_ten,all,sons,526,0.0,0.0,1.0,1.0,1.0,3.0,6.0,10.0,100.0,60000.0
priam_apollodorus_ten,all,daughters,526,0.0,0.0,0.0,0.0,0.0,1.0,2.0,3.0,11.25,60.0
priam_apollodorus_ten,all,total_children,526,1.0,1.0,1.0,1.0,2.0,4.0,8.0,13.0,100.0,60000.0
priam_apollodorus_ten,all,male_share_pct,525,0.0,0.0,33.33333333333334,66.66666666666667,100.0,100.0,100.0,100.0,100.0,100.0
priam_apollodorus_ten,flag_filtered,sons,503,0.0,0.0,1.0,1.0,1.0,2.0,6.0,10.0,40.0,100.0
priam_apollodorus_ten,flag_filtered,daughters,503,0.0,0.0,0.0,0.0,0.0,1.0,2.0,3.9,11.94,60.0
priam_apollodorus_ten,flag_filtered,total_children,503,1.0,1.0,1.0,1.0,2.0,4.0,7.0,10.9,59.82,100.0
priam_apollodorus_ten,flag_filtered,male_share_pct,502,0.0,0.0,33.333333333333336,66.66666666666667,100.0,100.0,100.0,100.0,100.0,100.0
priam_apollodorus_ten,historical_filtered,sons,103,0.0,0.0,1.0,1.0,1.0,2.0,4.0,4.0,9.94,17.0
priam_apollodorus_ten,historical_filtered,daughters,103,0.0,0.0,0.0,0.0,1.0,1.0,3.0,4.0,12.84,19.0
priam_apollodorus_ten,historical_filtered,total_children,103,1.0,1.0,1.0,1.0,2.0,4.0,6.8,7.9,13.98,36.0
priam_apollodorus_ten,historical_filtered,male_share_pct,103,0.0,0.0,33.33333333333334,50.0,75.0,100.0,100.0,100.0,100.0,100.0
pururavas_bhagavata_names,all,sons,526,0.0,0.0,1.0,1.0,1.0,3.0,6.0,10.0,100.0,60000.0
pururavas_bhagavata_names,all,daughters,526,0.0,0.0,0.0,0.0,0.0,1.0,2.0,3.0,11.25,60.0
pururavas_bhagavata_names,all,total_children,526,1.0,1.0,1.0,1.0,2.0,4.0,8.0,13.0,100.0,60000.0
pururavas_bhagavata_names,all,male_share_pct,525,0.0,0.0,33.33333333333334,66.66666666666667,100.0,100.0,100.0,100.0,100.0,100.0
pururavas_bhagavata_names,flag_filtered,sons,503,0.0,0.0,1.0,1.0,1.0,2.0,6.0,10.0,40.0,100.0
pururavas_bhagavata_names,flag_filtered,daughters,503,0.0,0.0,0.0,0.0,0.0,1.0,2.0,3.9,11.94,60.0
pururavas_bhagavata_names,flag_filtered,total_children,503,1.0,1.0,1.0,1.0,2.0,4.0,7.0,10.9,59.82,100.0
pururavas_bhagavata_names,flag_filtered,male_share_pct,502,0.0,0.0,33.333333333333336,66.66666666666667,100.0,100.0,100.0,100.0,100.0,100.0
pururavas_bhagavata_names,historical_filtered,sons,103,0.0,0.0,1.0,1.0,1.0,2.0,4.0,4.0,9.94,17.0
pururavas_bhagavata_names,historical_filtered,daughters,103,0.0,0.0,0.0,0.0,1.0,1.0,3.0,4.0,12.84,19.0
pururavas_bhagavata_names,historical_filtered,total_children,103,1.0,1.0,1.0,1.0,2.0,4.0,6.8,7.9,13.98,36.0
pururavas_bhagavata_names,historical_filtered,male_share_pct,103,0.0,0.0,33.33333333333334,50.0,75.0,100.0,100.0,100.0,100.0,100.0
sad_baladhuri_named_additions,all,sons,526,0.0,0.0,1.0,1.0,1.0,3.0,6.0,10.0,100.0,60000.0
sad_baladhuri_named_additions,all,daughters,526,0.0,0.0,0.0,0.0,0.0,1.0,2.0,3.0,11.25,60.0
sad_baladhuri_named_additions,all,total_children,526,1.0,1.0,1.0,1.0,2.0,4.0,8.0,13.0,100.0,60000.0
sad_baladhuri_named_additions,all,male_share_pct,525,0.0,0.0,33.33333333333334,66.66666666666667,100.0,100.0,100.0,100.0,100.0,100.0
sad_baladhuri_named_additions,flag_filtered,sons,503,0.0,0.0,1.0,1.0,1.0,2.0,6.0,10.0,40.0,100.0
sad_baladhuri_named_additions,flag_filtered,daughters,503,0.0,0.0,0.0,0.0,0.0,1.0,2.0,3.9,11.94,60.0
sad_baladhuri_named_additions,flag_filtered,total_children,503,1.0,1.0,1.0,1.0,2.0,4.0,7.0,10.9,59.82,100.0
sad_baladhuri_named_additions,flag_filtered,male_share_pct,502,0.0,0.0,33.333333333333336,66.66666666666667,100.0,100.0,100.0,100.0,100.0,100.0
sad_baladhuri_named_additions,historical_filtered,sons,103,0.0,0.0,1.0,1.0,1.0,2.0,4.0,4.0,9.94,17.0
sad_baladhuri_named_additions,historical_filtered,daughters,103,0.0,0.0,0.0,0.0,1.0,1.5,3.0,4.0,12.84,19.0
sad_baladhuri_named_additions,historical_filtered,total_children,103,1.0,1.0,1.0,1.0,2.0,4.0,7.0,7.9,13.98,36.0
sad_baladhuri_named_additions,historical_filtered,male_share_pct,103,0.0,0.0,33.33333333333334,50.0,75.0,100.0,100.0,100.0,100.0,100.0
saul_samuel_roster,all,sons,526,0.0,0.0,1.0,1.0,1.0,3.0,6.0,10.0,100.0,60000.0
saul_samuel_roster,all,daughters,526,0.0,0.0,0.0,0.0,0.0,1.0,2.0,3.0,11.25,60.0
saul_samuel_roster,all,total_children,526,1.0,1.0,1.0,1.0,2.0,4.0,8.0,13.0,100.0,60000.0
saul_samuel_roster,all,male_share_pct,525,0.0,0.0,33.33333333333334,66.66666666666667,100.0,100.0,100.0,100.0,100.0,100.0
saul_samuel_roster,flag_filtered,sons,503,0.0,0.0,1.0,1.0,1.0,2.0,6.0,10.0,40.0,100.0
saul_samuel_roster,flag_filtered,daughters,503,0.0,0.0,0.0,0.0,0.0,1.0,2.0,3.9,11.94,60.0
saul_samuel_roster,flag_filtered,total_children,503,1.0,1.0,1.0,1.0,2.0,4.0,7.0,10.9,59.82,100.0
saul_samuel_roster,flag_filtered,male_share_pct,502,0.0,0.0,33.333333333333336,66.66666666666667,100.0,100.0,100.0,100.0,100.0,100.0
saul_samuel_roster,historical_filtered,sons,103,0.0,0.0,1.0,1.0,1.0,2.0,4.0,4.0,9.94,17.0
saul_samuel_roster,historical_filtered,daughters,103,0.0,0.0,0.0,0.0,1.0,1.0,3.0,4.0,12.84,19.0
saul_samuel_roster,historical_filtered,total_children,103,1.0,1.0,1.0,1.0,2.0,4.0,6.8,7.9,13.98,36.0
saul_samuel_roster,historical_filtered,male_share_pct,103,0.0,0.0,33.33333333333334,50.0,75.0,100.0,100.0,100.0,100.0,100.0
shantanu_surviving_son,all,sons,526,0.0,0.0,1.0,1.0,1.0,3.0,6.0,10.0,100.0,60000.0
shantanu_surviving_son,all,daughters,526,0.0,0.0,0.0,0.0,0.0,1.0,2.0,3.0,11.25,60.0
shantanu_surviving_son,all,total_children,526,1.0,1.0,1.0,1.0,2.0,4.0,8.0,13.0,100.0,60000.0
shantanu_surviving_son,all,male_share_pct,525,0.0,0.0,33.33333333333334,66.66666666666667,100.0,100.0,100.0,100.0,100.0,100.0
shantanu_surviving_son,flag_filtered,sons,503,0.0,0.0,1.0,1.0,1.0,2.0,5.8,10.0,40.0,100.0
shantanu_surviving_son,flag_filtered,daughters,503,0.0,0.0,0.0,0.0,0.0,1.0,2.0,3.9,11.94,60.0
shantanu_surviving_son,flag_filtered,total_children,503,1.0,1.0,1.0,1.0,2.0,4.0,7.0,10.9,59.82,100.0
shantanu_surviving_son,flag_filtered,male_share_pct,502,0.0,0.0,33.333333333333336,66.66666666666667,100.0,100.0,100.0,100.0,100.0,100.0
shantanu_surviving_son,historical_filtered,sons,103,0.0,0.0,1.0,1.0,1.0,2.0,4.0,4.0,9.94,17.0
shantanu_surviving_son,historical_filtered,daughters,103,0.0,0.0,0.0,0.0,1.0,1.0,3.0,4.0,12.84,19.0
shantanu_surviving_son,historical_filtered,total_children,103,1.0,1.0,1.0,1.0,2.0,4.0,6.8,7.9,13.98,36.0
shantanu_surviving_son,historical_filtered,male_share_pct,103,0.0,0.0,33.33333333333334,50.0,75.0,100.0,100.0,100.0,100.0,100.0
shukra_adi_four_names,all,sons,526,0.0,0.0,1.0,1.0,1.0,3.0,6.0,10.0,100.0,60000.0
shukra_adi_four_names,all,daughters,526,0.0,0.0,0.0,0.0,0.0,1.0,2.0,3.0,11.25,60.0
shukra_adi_four_names,all,total_children,526,1.0,1.0,1.0,1.0,2.0,4.0,8.0,13.0,100.0,60000.0
shukra_adi_four_names,all,male_share_pct,525,0.0,0.0,33.33333333333334,66.66666666666667,100.0,100.0,100.0,100.0,100.0,100.0
shukra_adi_four_names,flag_filtered,sons,503,0.0,0.0,1.0,1.0,1.0,2.0,6.0,10.0,40.0,100.0
shukra_adi_four_names,flag_filtered,daughters,503,0.0,0.0,0.0,0.0,0.0,1.0,2.0,3.9,11.94,60.0
shukra_adi_four_names,flag_filtered,total_children,503,1.0,1.0,1.0,1.0,2.0,4.0,7.0,10.9,59.82,100.0
shukra_adi_four_names,flag_filtered,male_share_pct,502,0.0,0.0,33.333333333333336,66.66666666666667,100.0,100.0,100.0,100.0,100.0,100.0
shukra_adi_four_names,historical_filtered,sons,103,0.0,0.0,1.0,1.0,1.0,2.0,4.0,4.0,9.94,17.0
shukra_adi_four_names,historical_filtered,daughters,103,0.0,0.0,0.0,0.0,1.0,1.0,3.0,4.0,12.84,19.0
shukra_adi_four_names,historical_filtered,total_children,103,1.0,1.0,1.0,1.0,2.0,4.0,6.8,7.9,13.98,36.0
shukra_adi_four_names,historical_filtered,male_share_pct,103,0.0,0.0,33.33333333333334,50.0,75.0,100.0,100.0,100.0,100.0,100.0
shukra_devayani_urjasvati,all,sons,526,0.0,0.0,1.0,1.0,1.0,3.0,6.0,10.0,100.0,60000.0
shukra_devayani_urjasvati,all,daughters,526,0.0,0.0,0.0,0.0,0.0,1.0,2.0,3.0,11.25,60.0
shukra_devayani_urjasvati,all,total_children,526,1.0,1.0,1.0,1.0,2.0,4.0,8.0,13.0,100.0,60000.0
shukra_devayani_urjasvati,all,male_share_pct,525,0.0,0.0,33.33333333333334,66.66666666666667,100.0,100.0,100.0,100.0,100.0,100.0
shukra_devayani_urjasvati,flag_filtered,sons,503,0.0,0.0,1.0,1.0,1.0,2.0,6.0,10.0,40.0,100.0
shukra_devayani_urjasvati,flag_filtered,daughters,503,0.0,0.0,0.0,0.0,0.0,1.0,2.0,3.9,11.94,60.0
shukra_devayani_urjasvati,flag_filtered,total_children,503,1.0,1.0,1.0,1.0,2.0,4.0,7.0,10.9,59.82,100.0
shukra_devayani_urjasvati,flag_filtered,male_share_pct,502,0.0,0.0,33.333333333333336,66.66666666666667,100.0,100.0,100.0,100.0,100.0,100.0
shukra_devayani_urjasvati,historical_filtered,sons,103,0.0,0.0,1.0,1.0,1.0,2.0,4.0,4.0,9.94,17.0
shukra_devayani_urjasvati,historical_filtered,daughters,103,0.0,0.0,0.0,0.0,1.0,1.0,3.0,4.0,12.84,19.0
shukra_devayani_urjasvati,historical_filtered,total_children,103,1.0,1.0,1.0,1.0,2.0,4.0,6.8,7.9,13.98,36.0
shukra_devayani_urjasvati,historical_filtered,male_share_pct,103,0.0,0.0,33.33333333333334,50.0,75.0,100.0,100.0,100.0,100.0,100.0
sigyn_guerber_two,all,sons,525,0.0,0.0,1.0,1.0,1.0,3.0,6.0,10.0,100.0,60000.0
sigyn_guerber_two,all,daughters,525,0.0,0.0,0.0,0.0,0.0,1.0,2.0,3.0,11.28,60.0
sigyn_guerber_two,all,total_children,525,1.0,1.0,1.0,1.0,2.0,4.0,8.0,13.0,100.0,60000.0
sigyn_guerber_two,all,male_share_pct,524,0.0,0.0,33.333333333333336,66.66666666666667,100.0,100.0,100.0,100.0,100.0,100.0
sigyn_guerber_two,flag_filtered,sons,502,0.0,0.0,1.0,1.0,1.0,2.0,6.0,10.0,40.0,100.0
sigyn_guerber_two,flag_filtered,daughters,502,0.0,0.0,0.0,0.0,0.0,1.0,2.0,3.95,11.97,60.0
sigyn_guerber_two,flag_filtered,total_children,502,1.0,1.0,1.0,1.0,2.0,4.0,7.0,10.95,59.91,100.0
sigyn_guerber_two,flag_filtered,male_share_pct,501,0.0,0.0,33.333333333333336,66.66666666666667,100.0,100.0,100.0,100.0,100.0,100.0
sigyn_guerber_two,historical_filtered,sons,103,0.0,0.0,1.0,1.0,1.0,2.0,4.0,4.0,9.94,17.0
sigyn_guerber_two,historical_filtered,daughters,103,0.0,0.0,0.0,0.0,1.0,1.0,3.0,4.0,12.84,19.0
sigyn_guerber_two,historical_filtered,total_children,103,1.0,1.0,1.0,1.0,2.0,4.0,6.8,7.9,13.98,36.0
sigyn_guerber_two,historical_filtered,male_share_pct,103,0.0,0.0,33.33333333333334,50.0,75.0,100.0,100.0,100.0,100.0,100.0
simeon_numbers_clans,all,sons,526,0.0,0.0,1.0,1.0,1.0,3.0,6.0,10.0,100.0,60000.0
simeon_numbers_clans,all,daughters,526,0.0,0.0,0.0,0.0,0.0,1.0,2.0,3.0,11.25,60.0
simeon_numbers_clans,all,total_children,526,1.0,1.0,1.0,1.0,2.0,4.0,8.0,13.0,100.0,60000.0
simeon_numbers_clans,all,male_share_pct,525,0.0,0.0,33.33333333333334,66.66666666666667,100.0,100.0,100.0,100.0,100.0,100.0
simeon_numbers_clans,flag_filtered,sons,503,0.0,0.0,1.0,1.0,1.0,2.0,5.8,10.0,40.0,100.0
simeon_numbers_clans,flag_filtered,daughters,503,0.0,0.0,0.0,0.0,0.0,1.0,2.0,3.9,11.94,60.0
simeon_numbers_clans,flag_filtered,total_children,503,1.0,1.0,1.0,1.0,2.0,4.0,7.0,10.9,59.82,100.0
simeon_numbers_clans,flag_filtered,male_share_pct,502,0.0,0.0,33.333333333333336,66.66666666666667,100.0,100.0,100.0,100.0,100.0,100.0
simeon_numbers_clans,historical_filtered,sons,103,0.0,0.0,1.0,1.0,1.0,2.0,4.0,4.0,9.94,17.0
simeon_numbers_clans,historical_filtered,daughters,103,0.0,0.0,0.0,0.0,1.0,1.0,3.0,4.0,12.84,19.0
simeon_numbers_clans,historical_filtered,total_children,103,1.0,1.0,1.0,1.0,2.0,4.0,6.8,7.9,13.98,36.0
simeon_numbers_clans,historical_filtered,male_share_pct,103,0.0,0.0,33.33333333333334,50.0,75.0,100.0,100.0,100.0,100.0,100.0
simhika_vishnu_parentage,all,sons,526,0.0,0.0,1.0,1.0,1.0,3.0,6.0,10.0,100.0,60000.0
simhika_vishnu_parentage,all,daughters,526,0.0,0.0,0.0,0.0,0.0,1.0,2.0,3.0,11.25,60.0
simhika_vishnu_parentage,all,total_children,526,1.0,1.0,1.0,1.0,2.0,4.0,8.0,13.0,100.0,60000.0
simhika_vishnu_parentage,all,male_share_pct,525,0.0,0.0,33.33333333333334,66.66666666666667,100.0,100.0,100.0,100.0,100.0,100.0
simhika_vishnu_parentage,flag_filtered,sons,503,0.0,0.0,1.0,1.0,1.0,2.0,6.0,10.0,40.0,100.0
simhika_vishnu_parentage,flag_filtered,daughters,503,0.0,0.0,0.0,0.0,0.0,1.0,2.0,3.9,11.94,60.0
simhika_vishnu_parentage,flag_filtered,total_children,503,1.0,1.0,1.0,1.0,2.0,4.0,7.0,10.9,59.84,100.0
simhika_vishnu_parentage,flag_filtered,male_share_pct,502,0.0,0.0,33.333333333333336,66.66666666666667,100.0,100.0,100.0,100.0,100.0,100.0
simhika_vishnu_parentage,historical_filtered,sons,103,0.0,0.0,1.0,1.0,1.0,2.0,4.0,4.0,9.94,17.0
simhika_vishnu_parentage,historical_filtered,daughters,103,0.0,0.0,0.0,0.0,1.0,1.0,3.0,4.0,12.84,19.0
simhika_vishnu_parentage,historical_filtered,total_children,103,1.0,1.0,1.0,1.0,2.0,4.0,6.8,7.9,13.98,36.0
simhika_vishnu_parentage,historical_filtered,male_share_pct,103,0.0,0.0,33.33333333333334,50.0,75.0,100.0,100.0,100.0,100.0,100.0
tataka_valmiki_birth_episode,all,sons,526,0.0,0.0,1.0,1.0,1.0,3.0,6.0,10.0,100.0,60000.0
tataka_valmiki_birth_episode,all,daughters,526,0.0,0.0,0.0,0.0,0.0,1.0,2.0,3.0,11.25,60.0
tataka_valmiki_birth_episode,all,total_children,526,1.0,1.0,1.0,1.0,2.0,4.0,8.0,13.0,100.0,60000.0
tataka_valmiki_birth_episode,all,male_share_pct,525,0.0,0.0,33.33333333333334,66.66666666666667,100.0,100.0,100.0,100.0,100.0,100.0
tataka_valmiki_birth_episode,flag_filtered,sons,503,0.0,0.0,1.0,1.0,1.0,2.0,6.0,10.0,40.0,100.0
tataka_valmiki_birth_episode,flag_filtered,daughters,503,0.0,0.0,0.0,0.0,0.0,1.0,2.0,3.9,11.94,60.0
tataka_valmiki_birth_episode,flag_filtered,total_children,503,1.0,1.0,1.0,1.0,2.0,4.0,7.0,10.9,59.82,100.0
tataka_valmiki_birth_episode,flag_filtered,male_share_pct,502,0.0,0.0,33.333333333333336,66.66666666666667,100.0,100.0,100.0,100.0,100.0,100.0
tataka_valmiki_birth_episode,historical_filtered,sons,103,0.0,0.0,1.0,1.0,1.0,2.0,4.0,4.0,9.94,17.0
tataka_valmiki_birth_episode,historical_filtered,daughters,103,0.0,0.0,0.0,0.0,1.0,1.0,3.0,4.0,12.84,19.0
tataka_valmiki_birth_episode,historical_filtered,total_children,103,1.0,1.0,1.0,1.0,2.0,4.0,6.8,7.9,13.98,36.0
tataka_valmiki_birth_episode,historical_filtered,male_share_pct,103,0.0,0.0,33.33333333333334,50.0,75.0,100.0,100.0,100.0,100.0,100.0
thor_guerber_family,all,sons,525,0.0,0.0,1.0,1.0,1.0,3.0,6.0,10.0,100.0,60000.0
thor_guerber_family,all,daughters,525,0.0,0.0,0.0,0.0,0.0,1.0,2.0,3.0,11.28,60.0
thor_guerber_family,all,total_children,525,1.0,1.0,1.0,1.0,2.0,4.0,8.0,13.0,100.0,60000.0
thor_guerber_family,all,male_share_pct,524,0.0,0.0,33.333333333333336,66.66666666666667,100.0,100.0,100.0,100.0,100.0,100.0
thor_guerber_family,flag_filtered,sons,502,0.0,0.0,1.0,1.0,1.0,2.0,6.0,10.0,40.0,100.0
thor_guerber_family,flag_filtered,daughters,502,0.0,0.0,0.0,0.0,0.0,1.0,2.0,3.95,11.97,60.0
thor_guerber_family,flag_filtered,total_children,502,1.0,1.0,1.0,1.0,2.0,4.0,7.0,10.95,59.91,100.0
thor_guerber_family,flag_filtered,male_share_pct,501,0.0,0.0,33.333333333333336,66.66666666666667,100.0,100.0,100.0,100.0,100.0,100.0
thor_guerber_family,historical_filtered,sons,103,0.0,0.0,1.0,1.0,1.0,2.0,4.0,4.0,9.94,17.0
thor_guerber_family,historical_filtered,daughters,103,0.0,0.0,0.0,0.0,1.0,1.0,3.0,4.0,12.84,19.0
thor_guerber_family,historical_filtered,total_children,103,1.0,1.0,1.0,1.0,2.0,4.0,6.8,7.9,13.98,36.0
thor_guerber_family,historical_filtered,male_share_pct,103,0.0,0.0,33.33333333333334,50.0,75.0,100.0,100.0,100.0,100.0,100.0
ukehi_ritual_performer,all,sons,526,0.0,0.0,1.0,1.0,1.0,3.0,6.0,10.0,100.0,60000.0
ukehi_ritual_performer,all,daughters,526,0.0,0.0,0.0,0.0,0.0,1.0,2.0,3.0,11.25,60.0
ukehi_ritual_performer,all,total_children,526,1.0,1.0,1.0,1.0,2.0,4.0,8.0,13.0,100.0,60000.0
ukehi_ritual_performer,all,male_share_pct,525,0.0,0.0,33.33333333333334,66.66666666666667,100.0,100.0,100.0,100.0,100.0,100.0
ukehi_ritual_performer,flag_filtered,sons,503,0.0,0.0,1.0,1.0,1.0,2.0,6.0,10.0,40.0,100.0
ukehi_ritual_performer,flag_filtered,daughters,503,0.0,0.0,0.0,0.0,0.0,1.0,2.0,3.9,11.94,60.0
ukehi_ritual_performer,flag_filtered,total_children,503,1.0,1.0,1.0,1.0,2.0,4.0,7.0,10.9,59.82,100.0
ukehi_ritual_performer,flag_filtered,male_share_pct,502,0.0,0.0,33.333333333333336,66.66666666666667,100.0,100.0,100.0,100.0,100.0,100.0
ukehi_ritual_performer,historical_filtered,sons,103,0.0,0.0,1.0,1.0,1.0,2.0,4.0,4.0,9.94,17.0
ukehi_ritual_performer,historical_filtered,daughters,103,0.0,0.0,0.0,0.0,1.0,1.0,3.0,4.0,12.84,19.0
ukehi_ritual_performer,historical_filtered,total_children,103,1.0,1.0,1.0,1.0,2.0,4.0,6.8,7.9,13.98,36.0
ukehi_ritual_performer,historical_filtered,male_share_pct,103,0.0,0.0,33.33333333333334,50.0,75.0,100.0,100.0,100.0,100.0,100.0
ushun_formulaic_daughter,all,sons,526,0.0,0.0,1.0,1.0,1.0,3.0,6.0,10.0,100.0,60000.0
ushun_formulaic_daughter,all,daughters,526,0.0,0.0,0.0,0.0,0.0,1.0,2.0,3.0,11.25,60.0
ushun_formulaic_daughter,all,total_children,526,1.0,1.0,1.0,1.0,2.0,4.0,8.0,13.0,100.0,60000.0
ushun_formulaic_daughter,all,male_share_pct,525,0.0,0.0,33.33333333333334,66.66666666666667,100.0,100.0,100.0,100.0,100.0,100.0
ushun_formulaic_daughter,flag_filtered,sons,503,0.0,0.0,1.0,1.0,1.0,2.0,6.0,10.0,40.0,100.0
ushun_formulaic_daughter,flag_filtered,daughters,503,0.0,0.0,0.0,0.0,0.0,1.0,2.0,3.9,11.94,60.0
ushun_formulaic_daughter,flag_filtered,total_children,503,1.0,1.0,1.0,1.0,2.0,4.0,7.0,10.9,59.82,100.0
ushun_formulaic_daughter,flag_filtered,male_share_pct,502,0.0,0.0,33.333333333333336,66.66666666666667,100.0,100.0,100.0,100.0,100.0,100.0
ushun_formulaic_daughter,historical_filtered,sons,103,0.0,0.0,1.0,1.0,1.0,2.0,4.0,4.0,9.94,17.0
ushun_formulaic_daughter,historical_filtered,daughters,103,0.0,0.0,0.0,0.0,1.0,1.0,3.0,4.0,12.84,19.0
ushun_formulaic_daughter,historical_filtered,total_children,103,1.0,1.0,1.0,1.0,2.0,4.0,6.8,7.9,13.98,36.0
ushun_formulaic_daughter,historical_filtered,male_share_pct,103,0.0,0.0,33.33333333333334,50.0,75.0,100.0,100.0,100.0,100.0,100.0
vasishtha_vishnu_names,all,sons,526,0.0,0.0,1.0,1.0,1.0,3.0,6.0,10.0,100.0,60000.0
vasishtha_vishnu_names,all,daughters,526,0.0,0.0,0.0,0.0,0.0,1.0,2.0,3.0,11.25,60.0
vasishtha_vishnu_names,all,total_children,526,1.0,1.0,1.0,1.0,2.0,4.0,8.0,13.0,100.0,60000.0
vasishtha_vishnu_names,all,male_share_pct,525,0.0,0.0,33.33333333333334,66.66666666666667,100.0,100.0,100.0,100.0,100.0,100.0
vasishtha_vishnu_names,flag_filtered,sons,503,0.0,0.0,1.0,1.0,1.0,2.0,6.0,10.0,40.0,100.0
vasishtha_vishnu_names,flag_filtered,daughters,503,0.0,0.0,0.0,0.0,0.0,1.0,2.0,3.9,11.94,60.0
vasishtha_vishnu_names,flag_filtered,total_children,503,1.0,1.0,1.0,1.0,2.0,4.0,7.0,10.9,59.82,100.0
vasishtha_vishnu_names,flag_filtered,male_share_pct,502,0.0,0.0,33.333333333333336,66.66666666666667,100.0,100.0,100.0,100.0,100.0,100.0
vasishtha_vishnu_names,historical_filtered,sons,103,0.0,0.0,1.0,1.0,1.0,2.0,4.0,4.0,9.94,17.0
vasishtha_vishnu_names,historical_filtered,daughters,103,0.0,0.0,0.0,0.0,1.0,1.0,3.0,4.0,12.84,19.0
vasishtha_vishnu_names,historical_filtered,total_children,103,1.0,1.0,1.0,1.0,2.0,4.0,6.8,7.9,13.98,36.0
vasishtha_vishnu_names,historical_filtered,male_share_pct,103,0.0,0.0,33.33333333333334,50.0,75.0,100.0,100.0,100.0,100.0,100.0
vasudeva_bhagavata_rosters,all,sons,526,0.0,0.0,1.0,1.0,1.0,3.0,6.0,10.0,100.0,60000.0
vasudeva_bhagavata_rosters,all,daughters,526,0.0,0.0,0.0,0.0,0.0,1.0,2.0,3.0,11.25,60.0
vasudeva_bhagavata_rosters,all,total_children,526,1.0,1.0,1.0,1.0,2.0,4.0,8.0,13.0,100.0,60000.0
vasudeva_bhagavata_rosters,all,male_share_pct,525,0.0,0.0,33.33333333333334,66.66666666666667,100.0,100.0,100.0,100.0,100.0,100.0
vasudeva_bhagavata_rosters,flag_filtered,sons,503,0.0,0.0,1.0,1.0,1.0,2.0,6.0,10.0,40.0,100.0
vasudeva_bhagavata_rosters,flag_filtered,daughters,503,0.0,0.0,0.0,0.0,0.0,1.0,2.0,3.9,11.94,60.0
vasudeva_bhagavata_rosters,flag_filtered,total_children,503,1.0,1.0,1.0,1.0,2.0,4.0,7.0,10.9,59.82,100.0
vasudeva_bhagavata_rosters,flag_filtered,male_share_pct,502,0.0,0.0,33.333333333333336,66.66666666666667,100.0,100.0,100.0,100.0,100.0,100.0
vasudeva_bhagavata_rosters,historical_filtered,sons,103,0.0,0.0,1.0,1.0,1.0,2.0,4.0,4.0,9.94,17.0
vasudeva_bhagavata_rosters,historical_filtered,daughters,103,0.0,0.0,0.0,0.0,1.0,1.0,3.0,4.0,12.84,19.0
vasudeva_bhagavata_rosters,historical_filtered,total_children,103,1.0,1.0,1.0,1.0,2.0,4.0,6.8,7.9,13.98,36.0
vasudeva_bhagavata_rosters,historical_filtered,male_share_pct,103,0.0,0.0,33.33333333333334,50.0,75.0,100.0,100.0,100.0,100.0,100.0
vibhishana_valmiki_daughter,all,sons,526,0.0,0.0,1.0,1.0,1.0,3.0,6.0,10.0,100.0,60000.0
vibhishana_valmiki_daughter,all,daughters,526,0.0,0.0,0.0,0.0,0.0,1.0,2.0,3.0,11.25,60.0
vibhishana_valmiki_daughter,all,total_children,526,1.0,1.0,1.0,1.0,2.0,4.0,8.0,13.0,100.0,60000.0
vibhishana_valmiki_daughter,all,male_share_pct,525,0.0,0.0,33.33333333333334,66.66666666666667,100.0,100.0,100.0,100.0,100.0,100.0
vibhishana_valmiki_daughter,flag_filtered,sons,503,0.0,0.0,1.0,1.0,1.0,2.0,6.0,10.0,40.0,100.0
vibhishana_valmiki_daughter,flag_filtered,daughters,503,0.0,0.0,0.0,0.0,0.0,1.0,2.0,3.9,11.94,60.0
vibhishana_valmiki_daughter,flag_filtered,total_children,503,1.0,1.0,1.0,1.0,2.0,4.0,7.0,10.9,59.82,100.0
vibhishana_valmiki_daughter,flag_filtered,male_share_pct,502,0.0,0.0,33.333333333333336,66.66666666666667,100.0,100.0,100.0,100.0,100.0,100.0
vibhishana_valmiki_daughter,historical_filtered,sons,103,0.0,0.0,1.0,1.0,1.0,2.0,4.0,4.0,9.94,17.0
vibhishana_valmiki_daughter,historical_filtered,daughters,103,0.0,0.0,0.0,0.0,1.0,1.0,3.0,4.0,12.84,19.0
vibhishana_valmiki_daughter,historical_filtered,total_children,103,1.0,1.0,1.0,1.0,2.0,4.0,6.8,7.9,13.98,36.0
vibhishana_valmiki_daughter,historical_filtered,male_share_pct,103,0.0,0.0,33.33333333333334,50.0,75.0,100.0,100.0,100.0,100.0,100.0
vinata_mahabharata_six,all,sons,526,0.0,0.0,1.0,1.0,1.0,3.0,6.0,10.0,100.0,60000.0
vinata_mahabharata_six,all,daughters,526,0.0,0.0,0.0,0.0,0.0,1.0,2.0,3.0,11.25,60.0
vinata_mahabharata_six,all,total_children,526,1.0,1.0,1.0,1.0,2.0,4.0,8.0,13.0,100.0,60000.0
vinata_mahabharata_six,all,male_share_pct,525,0.0,0.0,33.33333333333334,66.66666666666667,100.0,100.0,100.0,100.0,100.0,100.0
vinata_mahabharata_six,flag_filtered,sons,503,0.0,0.0,1.0,1.0,1.0,2.5,6.0,10.0,40.0,100.0
vinata_mahabharata_six,flag_filtered,daughters,503,0.0,0.0,0.0,0.0,0.0,1.0,2.0,3.9,11.94,60.0
vinata_mahabharata_six,flag_filtered,total_children,503,1.0,1.0,1.0,1.0,2.0,4.0,7.0,10.9,59.82,100.0
vinata_mahabharata_six,flag_filtered,male_share_pct,502,0.0,0.0,33.333333333333336,66.66666666666667,100.0,100.0,100.0,100.0,100.0,100.0
vinata_mahabharata_six,historical_filtered,sons,103,0.0,0.0,1.0,1.0,1.0,2.0,4.0,4.0,9.94,17.0
vinata_mahabharata_six,historical_filtered,daughters,103,0.0,0.0,0.0,0.0,1.0,1.0,3.0,4.0,12.84,19.0
vinata_mahabharata_six,historical_filtered,total_children,103,1.0,1.0,1.0,1.0,2.0,4.0,6.8,7.9,13.98,36.0
vinata_mahabharata_six,historical_filtered,male_share_pct,103,0.0,0.0,33.33333333333334,50.0,75.0,100.0,100.0,100.0,100.0,100.0
vishwamitra_bhagavata_household,all,sons,526,0.0,0.0,1.0,1.0,1.0,3.0,6.0,10.0,100.0,60000.0
vishwamitra_bhagavata_household,all,daughters,526,0.0,0.0,0.0,0.0,0.0,1.0,2.0,3.0,11.25,60.0
vishwamitra_bhagavata_household,all,total_children,526,1.0,1.0,1.0,1.0,2.0,4.0,8.0,13.0,100.0,60000.0
vishwamitra_bhagavata_household,all,male_share_pct,525,0.0,0.0,33.33333333333334,66.66666666666667,100.0,100.0,100.0,100.0,100.0,100.0
vishwamitra_bhagavata_household,flag_filtered,sons,503,0.0,0.0,1.0,1.0,1.0,2.0,6.0,10.0,40.0,100.0
vishwamitra_bhagavata_household,flag_filtered,daughters,503,0.0,0.0,0.0,0.0,0.0,1.0,2.0,3.9,11.94,60.0
vishwamitra_bhagavata_household,flag_filtered,total_children,503,1.0,1.0,1.0,1.0,2.0,4.0,7.0,10.9,59.82,100.0
vishwamitra_bhagavata_household,flag_filtered,male_share_pct,502,0.0,0.0,33.333333333333336,66.66666666666667,100.0,100.0,100.0,100.0,100.0,100.0
vishwamitra_bhagavata_household,historical_filtered,sons,103,0.0,0.0,1.0,1.0,1.0,2.0,4.0,4.0,9.94,17.0
vishwamitra_bhagavata_household,historical_filtered,daughters,103,0.0,0.0,0.0,0.0,1.0,1.0,3.0,4.0,12.84,19.0
vishwamitra_bhagavata_household,historical_filtered,total_children,103,1.0,1.0,1.0,1.0,2.0,4.0,6.8,7.9,13.98,36.0
vishwamitra_bhagavata_household,historical_filtered,male_share_pct,103,0.0,0.0,33.33333333333334,50.0,75.0,100.0,100.0,100.0,100.0,100.0
vulcan_cicero_jupiter,all,sons,525,0.0,0.0,1.0,1.0,1.0,3.0,6.0,10.0,100.0,60000.0
vulcan_cicero_jupiter,all,daughters,525,0.0,0.0,0.0,0.0,0.0,1.0,2.0,3.0,11.28,60.0
vulcan_cicero_jupiter,all,total_children,525,1.0,1.0,1.0,1.0,2.0,4.0,8.0,13.0,100.0,60000.0
vulcan_cicero_jupiter,all,male_share_pct,524,0.0,0.0,33.333333333333336,66.66666666666667,100.0,100.0,100.0,100.0,100.0,100.0
vulcan_cicero_jupiter,flag_filtered,sons,503,0.0,0.0,1.0,1.0,1.0,2.0,6.0,10.0,40.0,100.0
vulcan_cicero_jupiter,flag_filtered,daughters,503,0.0,0.0,0.0,0.0,0.0,1.0,2.0,3.9,11.94,60.0
vulcan_cicero_jupiter,flag_filtered,total_children,503,1.0,1.0,1.0,1.0,2.0,4.0,7.0,10.9,59.82,100.0
vulcan_cicero_jupiter,flag_filtered,male_share_pct,502,0.0,0.0,33.333333333333336,66.66666666666667,100.0,100.0,100.0,100.0,100.0,100.0
vulcan_cicero_jupiter,historical_filtered,sons,103,0.0,0.0,1.0,1.0,1.0,2.0,4.0,4.0,9.94,17.0
vulcan_cicero_jupiter,historical_filtered,daughters,103,0.0,0.0,0.0,0.0,1.0,1.0,3.0,4.0,12.84,19.0
vulcan_cicero_jupiter,historical_filtered,total_children,103,1.0,1.0,1.0,1.0,2.0,4.0,6.8,7.9,13.98,36.0
vulcan_cicero_jupiter,historical_filtered,male_share_pct,103,0.0,0.0,33.33333333333334,50.0,75.0,100.0,100.0,100.0,100.0,100.0
