policy,group_by,group,rows,sons,daughters,unknown_sex,male_pct
uncapped,epic,arthurian,4,3,0,0,100
uncapped,epic,bhagavata_purana,14,60068,16,0,99.97337061447307
uncapped,epic,buddhist,5,6,4,0,60
uncapped,epic,celtic,9,12,4,0,75
uncapped,epic,christian_nt,31,56,28,0,66.66666666666667
uncapped,epic,dede_korkut,7,8,8,0,50
uncapped,epic,devi_bhagavata_purana,1,0,1,0,0
uncapped,epic,egyptian,10,12,4,0,75
uncapped,epic,fengshen_yanyi,3,105,0,0,100
uncapped,epic,greek,27,36,29,0,55.38461538461539
uncapped,epic,hebrew_bible,82,384,119,0,76.34194831013916
uncapped,epic,islam,93,188,123,0,60.450160771704184
uncapped,epic,jain,5,103,5,0,95.37037037037037
uncapped,epic,kalevala,2,2,2,0,50
uncapped,epic,king_gesar,2,2,0,0,100
uncapped,epic,kojiki,6,23,8,2,74.19354838709677
uncapped,epic,koroghlu,1,1,0,0,100
uncapped,epic,mahabharat,99,1471,44,2,97.0957095709571
uncapped,epic,manas,3,3,0,0,100
uncapped,epic,mesopotamian,6,7,2,0,77.77777777777777
uncapped,epic,norse,18,21,3,0,87.5
uncapped,epic,oguzname,1,6,0,0,100
uncapped,epic,panchatantra,1,3,0,0,100
uncapped,epic,popol_vuh,2,4,0,0,100
uncapped,epic,quran,7,20,3,0,86.95652173913044
uncapped,epic,ramayan,35,265,14,0,94.9820788530466
uncapped,epic,roman,19,16,12,0,57.142857142857146
uncapped,epic,sassoun,5,5,1,0,83.33333333333333
uncapped,epic,shahnameh,16,102,7,0,93.57798165137615
uncapped,epic,shiva_purana,15,191,31,0,86.03603603603604
uncapped,epic,silappadikaram,1,0,1,0,0
uncapped,epic,sundiata,3,3,3,0,50
uncapped,epic,trojan_cycle,6,23,8,0,74.19354838709677
uncapped,historicity,historical,104,201,127,0,61.28048780487805
uncapped,historicity,legendary,318,1574,241,2,86.721763085399445
uncapped,historicity,mythological,117,61374,112,2,99.8178447126175
uncapped,row_type,couple,366,896,246,2,78.45884413309983
uncapped,row_type,cross_tradition,16,30,12,0,71.42857142857143
uncapped,row_type,multi_wife_agg,34,405,155,0,72.32142857142857
uncapped,row_type,mythical_count,7,61504,3,0,99.99512250638139
uncapped,row_type,single_divine,13,30,7,0,81.08108108108108
uncapped,row_type,spouse_unnamed,103,284,57,2,83.28445747800586
sons_cap_200,epic,arthurian,4,3,0,0,100
sons_cap_200,epic,bhagavata_purana,14,268,16,0,94.36619718309859
sons_cap_200,epic,buddhist,5,6,4,0,60
sons_cap_200,epic,celtic,9,12,4,0,75
sons_cap_200,epic,christian_nt,31,56,28,0,66.66666666666667
sons_cap_200,epic,dede_korkut,7,8,8,0,50
sons_cap_200,epic,devi_bhagavata_purana,1,0,1,0,0
sons_cap_200,epic,egyptian,10,12,4,0,75
sons_cap_200,epic,fengshen_yanyi,3,105,0,0,100
sons_cap_200,epic,greek,27,36,29,0,55.38461538461539
sons_cap_200,epic,hebrew_bible,82,384,119,0,76.34194831013916
sons_cap_200,epic,islam,93,188,123,0,60.450160771704184
sons_cap_200,epic,jain,5,103,5,0,95.37037037037037
sons_cap_200,epic,kalevala,2,2,2,0,50
sons_cap_200,epic,king_gesar,2,2,0,0,100
sons_cap_200,epic,kojiki,6,23,8,2,74.19354838709677
sons_cap_200,epic,koroghlu,1,1,0,0,100
sons_cap_200,epic,mahabharat,99,671,44,2,93.84615384615384
sons_cap_200,epic,manas,3,3,0,0,100
sons_cap_200,epic,mesopotamian,6,7,2,0,77.77777777777777
sons_cap_200,epic,norse,18,21,3,0,87.5
sons_cap_200,epic,oguzname,1,6,0,0,100
sons_cap_200,epic,panchatantra,1,3,0,0,100
sons_cap_200,epic,popol_vuh,2,4,0,0,100
sons_cap_200,epic,quran,7,20,3,0,86.95652173913044
sons_cap_200,epic,ramayan,35,265,14,0,94.9820788530466
sons_cap_200,epic,roman,19,16,12,0,57.142857142857146
sons_cap_200,epic,sassoun,5,5,1,0,83.33333333333333
sons_cap_200,epic,shahnameh,16,102,7,0,93.57798165137615
sons_cap_200,epic,shiva_purana,15,191,31,0,86.03603603603604
sons_cap_200,epic,silappadikaram,1,0,1,0,0
sons_cap_200,epic,sundiata,3,3,3,0,50
sons_cap_200,epic,trojan_cycle,6,23,8,0,74.19354838709677
sons_cap_200,historicity,historical,104,201,127,0,61.28048780487805
sons_cap_200,historicity,legendary,318,1574,241,2,86.721763085399445
sons_cap_200,historicity,mythological,117,774,112,2,87.3589164785553
sons_cap_200,row_type,couple,366,896,246,2,78.45884413309983
sons_cap_200,row_type,cross_tradition,16,30,12,0,71.42857142857143
sons_cap_200,row_type,multi_wife_agg,34,405,155,0,72.32142857142857
sons_cap_200,row_type,mythical_count,7,904,3,0,99.66923925027564
sons_cap_200,row_type,single_divine,13,30,7,0,81.08108108108108
sons_cap_200,row_type,spouse_unnamed,103,284,57,2,83.28445747800586
exclude_mythical,epic,arthurian,4,3,0,0,100
exclude_mythical,epic,bhagavata_purana,13,68,16,0,80.95238095238095
exclude_mythical,epic,buddhist,5,6,4,0,60
exclude_mythical,epic,celtic,9,12,4,0,75
exclude_mythical,epic,christian_nt,31,56,28,0,66.66666666666667
exclude_mythical,epic,dede_korkut,7,8,8,0,50
exclude_mythical,epic,devi_bhagavata_purana,1,0,1,0,0
exclude_mythical,epic,egyptian,10,12,4,0,75
exclude_mythical,epic,fengshen_yanyi,3,105,0,0,100
exclude_mythical,epic,greek,27,36,29,0,55.38461538461539
exclude_mythical,epic,hebrew_bible,82,384,119,0,76.34194831013916
exclude_mythical,epic,islam,93,188,123,0,60.450160771704184
exclude_mythical,epic,jain,4,4,4,0,50
exclude_mythical,epic,kalevala,2,2,2,0,50
exclude_mythical,epic,king_gesar,2,2,0,0,100
exclude_mythical,epic,kojiki,6,23,8,2,74.19354838709677
exclude_mythical,epic,koroghlu,1,1,0,0,100
exclude_mythical,epic,mahabharat,96,271,42,2,86.5814696485623
exclude_mythical,epic,manas,3,3,0,0,100
exclude_mythical,epic,mesopotamian,6,7,2,0,77.77777777777777
exclude_mythical,epic,norse,18,21,3,0,87.5
exclude_mythical,epic,oguzname,1,6,0,0,100
exclude_mythical,epic,panchatantra,1,3,0,0,100
exclude_mythical,epic,popol_vuh,2,4,0,0,100
exclude_mythical,epic,quran,7,20,3,0,86.95652173913044
exclude_mythical,epic,ramayan,33,60,14,0,81.08108108108108
exclude_mythical,epic,roman,19,16,12,0,57.142857142857146
exclude_mythical,epic,sassoun,5,5,1,0,83.33333333333333
exclude_mythical,epic,shahnameh,16,102,7,0,93.57798165137615
exclude_mythical,epic,shiva_purana,15,191,31,0,86.03603603603604
exclude_mythical,epic,silappadikaram,1,0,1,0,0
exclude_mythical,epic,sundiata,3,3,3,0,50
exclude_mythical,epic,trojan_cycle,6,23,8,0,74.19354838709677
exclude_mythical,historicity,historical,104,201,127,0,61.28048780487805
exclude_mythical,historicity,legendary,313,1070,238,2,81.80428134556576
exclude_mythical,historicity,mythological,115,374,112,2,76.95473251028807
exclude_mythical,row_type,couple,366,896,246,2,78.45884413309983
exclude_mythical,row_type,cross_tradition,16,30,12,0,71.42857142857143
exclude_mythical,row_type,multi_wife_agg,34,405,155,0,72.32142857142857
exclude_mythical,row_type,single_divine,13,30,7,0,81.08108108108108
exclude_mythical,row_type,spouse_unnamed,103,284,57,2,83.28445747800586
exclude_mythical_and_cross,epic,arthurian,4,3,0,0,100
exclude_mythical_and_cross,epic,bhagavata_purana,13,68,16,0,80.95238095238095
exclude_mythical_and_cross,epic,buddhist,5,6,4,0,60
exclude_mythical_and_cross,epic,celtic,9,12,4,0,75
exclude_mythical_and_cross,epic,christian_nt,31,56,28,0,66.66666666666667
exclude_mythical_and_cross,epic,dede_korkut,7,8,8,0,50
exclude_mythical_and_cross,epic,devi_bhagavata_purana,1,0,1,0,0
exclude_mythical_and_cross,epic,egyptian,10,12,4,0,75
exclude_mythical_and_cross,epic,fengshen_yanyi,3,105,0,0,100
exclude_mythical_and_cross,epic,greek,27,36,29,0,55.38461538461539
exclude_mythical_and_cross,epic,hebrew_bible,82,384,119,0,76.34194831013916
exclude_mythical_and_cross,epic,islam,93,188,123,0,60.450160771704184
exclude_mythical_and_cross,epic,jain,4,4,4,0,50
exclude_mythical_and_cross,epic,kalevala,2,2,2,0,50
exclude_mythical_and_cross,epic,king_gesar,2,2,0,0,100
exclude_mythical_and_cross,epic,kojiki,6,23,8,2,74.19354838709677
exclude_mythical_and_cross,epic,koroghlu,1,1,0,0,100
exclude_mythical_and_cross,epic,mahabharat,96,271,42,2,86.5814696485623
exclude_mythical_and_cross,epic,manas,3,3,0,0,100
exclude_mythical_and_cross,epic,mesopotamian,6,7,2,0,77.77777777777777
exclude_mythical_and_cross,epic,norse,18,21,3,0,87.5
exclude_mythical_and_cross,epic,oguzname,1,6,0,0,100
exclude_mythical_and_cross,epic,panchatantra,1,3,0,0,100
exclude_mythical_and_cross,epic,popol_vuh,2,4,0,0,100
exclude_mythical_and_cross,epic,quran,1,0,1,0,0
exclude_mythical_and_cross,epic,ramayan,33,60,14,0,81.08108108108108
exclude_mythical_and_cross,epic,roman,9,6,2,0,75
exclude_mythical_and_cross,epic,sassoun,5,5,1,0,83.33333333333333
exclude_mythical_and_cross,epic,shahnameh,16,102,7,0,93.57798165137615
exclude_mythical_and_cross,epic,shiva_purana,15,191,31,0,86.03603603603604
exclude_mythical_and_cross,epic,silappadikaram,1,0,1,0,0
exclude_mythical_and_cross,epic,sundiata,3,3,3,0,50
exclude_mythical_and_cross,epic,trojan_cycle,6,23,8,0,74.19354838709677
exclude_mythical_and_cross,historicity,historical,104,201,127,0,61.28048780487805
exclude_mythical_and_cross,historicity,legendary,307,1050,236,2,81.64852255054433
exclude_mythical_and_cross,historicity,mythological,105,364,102,2,78.11158798283262
exclude_mythical_and_cross,row_type,couple,366,896,246,2,78.45884413309983
exclude_mythical_and_cross,row_type,multi_wife_agg,34,405,155,0,72.32142857142857
exclude_mythical_and_cross,row_type,single_divine,13,30,7,0,81.08108108108108
exclude_mythical_and_cross,row_type,spouse_unnamed,103,284,57,2,83.28445747800586
direct_parent_rows,epic,arthurian,4,3,0,0,100
direct_parent_rows,epic,bhagavata_purana,13,68,16,0,80.95238095238095
direct_parent_rows,epic,buddhist,5,6,4,0,60
direct_parent_rows,epic,celtic,8,10,2,0,83.33333333333333
direct_parent_rows,epic,christian_nt,31,56,28,0,66.66666666666667
direct_parent_rows,epic,dede_korkut,7,8,8,0,50
direct_parent_rows,epic,egyptian,9,11,3,0,78.57142857142857
direct_parent_rows,epic,fengshen_yanyi,2,5,0,0,100
direct_parent_rows,epic,greek,26,35,29,0,54.6875
direct_parent_rows,epic,hebrew_bible,75,241,25,0,90.6015037593985
direct_parent_rows,epic,islam,83,146,74,0,66.36363636363636
direct_parent_rows,epic,jain,4,4,4,0,50
direct_parent_rows,epic,king_gesar,2,2,0,0,100
direct_parent_rows,epic,kojiki,3,16,4,2,80
direct_parent_rows,epic,koroghlu,1,1,0,0,100
direct_parent_rows,epic,mahabharat,92,255,42,2,85.85858585858585
direct_parent_rows,epic,manas,3,3,0,0,100
direct_parent_rows,epic,mesopotamian,5,5,2,0,71.42857142857143
direct_parent_rows,epic,norse,17,19,3,0,86.36363636363636
direct_parent_rows,epic,popol_vuh,2,4,0,0,100
direct_parent_rows,epic,quran,1,0,1,0,0
direct_parent_rows,epic,ramayan,31,55,13,0,80.88235294117646
direct_parent_rows,epic,roman,8,6,2,0,75
direct_parent_rows,epic,sassoun,4,3,1,0,75
direct_parent_rows,epic,shahnameh,10,13,0,0,100
direct_parent_rows,epic,shiva_purana,13,179,30,0,85.64593301435407
direct_parent_rows,epic,silappadikaram,1,0,1,0,0
direct_parent_rows,epic,sundiata,3,3,3,0,50
direct_parent_rows,epic,trojan_cycle,6,23,8,0,74.19354838709677
direct_parent_rows,historicity,historical,94,159,78,0,67.0886075949367
direct_parent_rows,historicity,legendary,284,689,134,2,83.71810449574727
direct_parent_rows,historicity,mythological,91,332,91,2,78.4869976359338
direct_parent_rows,row_type,couple,366,896,246,2,78.45884413309983
direct_parent_rows,row_type,spouse_unnamed,103,284,57,2,83.28445747800586
