version,policy,rows,sons,daughters,unknown_sex,male_pct
current,uncapped,539,63149.0,480.0,4.0,99.24562699398074
current,sons_cap_200,539,2549.0,480.0,4.0,84.15318586992407
current,exclude_mythical,532,1645.0,477.0,4.0,77.52120640904806
current,exclude_mythical_and_cross,516,1615.0,465.0,4.0,77.64423076923077
current,direct_parent_rows,469,1180.0,303.0,4.0,79.56844234659474
aeneas_livy_lavinia,uncapped,539,63149.0,480.0,4.0,99.24562699398074
aeneas_livy_lavinia,sons_cap_200,539,2549.0,480.0,4.0,84.15318586992407
aeneas_livy_lavinia,exclude_mythical,532,1645.0,477.0,4.0,77.52120640904806
aeneas_livy_lavinia,exclude_mythical_and_cross,516,1615.0,465.0,4.0,77.64423076923077
aeneas_livy_lavinia,direct_parent_rows,469,1180.0,303.0,4.0,79.56844234659474
ali_irshad_27,uncapped,539,63146.0,477.0,4.0,99.25027112836553
ali_irshad_27,sons_cap_200,539,2546.0,477.0,4.0,84.22097254383063
ali_irshad_27,exclude_mythical,532,1642.0,474.0,4.0,77.5992438563327
ali_irshad_27,exclude_mythical_and_cross,516,1612.0,462.0,4.0,77.72420443587271
ali_irshad_27,direct_parent_rows,469,1177.0,302.0,4.0,79.58079783637594
aniruddha_wilson_mother,uncapped,539,63149.0,480.0,4.0,99.24562699398074
aniruddha_wilson_mother,sons_cap_200,539,2549.0,480.0,4.0,84.15318586992407
aniruddha_wilson_mother,exclude_mythical,532,1645.0,477.0,4.0,77.52120640904806
aniruddha_wilson_mother,exclude_mythical_and_cross,516,1615.0,465.0,4.0,77.64423076923077
aniruddha_wilson_mother,direct_parent_rows,469,1180.0,303.0,4.0,79.56844234659474
aphrodite_hesiod_two,uncapped,539,63148.0,480.0,4.0,99.24561513798956
aphrodite_hesiod_two,sons_cap_200,539,2548.0,480.0,4.0,84.14795244385733
aphrodite_hesiod_two,exclude_mythical,532,1644.0,477.0,4.0,77.5106082036775
aphrodite_hesiod_two,exclude_mythical_and_cross,516,1614.0,465.0,4.0,77.63347763347764
aphrodite_hesiod_two,direct_parent_rows,469,1179.0,303.0,4.0,79.55465587044534
arthur_geoffrey_genealogy,uncapped,539,63149.0,481.0,4.0,99.24406726386924
arthur_geoffrey_genealogy,sons_cap_200,539,2549.0,481.0,4.0,84.12541254125412
arthur_geoffrey_genealogy,exclude_mythical,532,1645.0,478.0,4.0,77.48469147432878
arthur_geoffrey_genealogy,exclude_mythical_and_cross,516,1615.0,466.0,4.0,77.60691975012014
arthur_geoffrey_genealogy,direct_parent_rows,469,1180.0,304.0,4.0,79.51482479784367
asher_numbers_clans,uncapped,539,63148.0,480.0,4.0,99.24561513798956
asher_numbers_clans,sons_cap_200,539,2548.0,480.0,4.0,84.14795244385733
asher_numbers_clans,exclude_mythical,532,1644.0,477.0,4.0,77.5106082036775
asher_numbers_clans,exclude_mythical_and_cross,516,1614.0,465.0,4.0,77.63347763347764
asher_numbers_clans,direct_parent_rows,469,1179.0,303.0,4.0,79.55465587044534
atlas_apollodorus_pleiades,uncapped,539,63148.0,475.0,4.0,99.25341464564701
atlas_apollodorus_pleiades,sons_cap_200,539,2548.0,475.0,4.0,84.2871319880913
atlas_apollodorus_pleiades,exclude_mythical,532,1644.0,472.0,4.0,77.6937618147448
atlas_apollodorus_pleiades,exclude_mythical_and_cross,516,1614.0,460.0,4.0,77.82063645130184
atlas_apollodorus_pleiades,direct_parent_rows,469,1179.0,298.0,4.0,79.82396750169262
bahman_tabari_daughters,uncapped,539,63149.0,482.0,4.0,99.24250758278198
bahman_tabari_daughters,sons_cap_200,539,2549.0,482.0,4.0,84.09765753876609
bahman_tabari_daughters,exclude_mythical,532,1645.0,479.0,4.0,77.4482109227872
bahman_tabari_daughters,exclude_mythical_and_cross,516,1615.0,467.0,4.0,77.56964457252641
bahman_tabari_daughters,direct_parent_rows,469,1180.0,303.0,4.0,79.56844234659474
basil_macrina_nine,uncapped,539,63148.0,480.0,4.0,99.24561513798956
basil_macrina_nine,sons_cap_200,539,2548.0,480.0,4.0,84.14795244385733
basil_macrina_nine,exclude_mythical,532,1644.0,477.0,4.0,77.5106082036775
basil_macrina_nine,exclude_mythical_and_cross,516,1614.0,465.0,4.0,77.63347763347764
basil_macrina_nine,direct_parent_rows,469,1179.0,303.0,4.0,79.55465587044534
bathsheba_named_genealogy,uncapped,539,63148.0,480.0,4.0,99.24561513798956
bathsheba_named_genealogy,sons_cap_200,539,2548.0,480.0,4.0,84.14795244385733
bathsheba_named_genealogy,exclude_mythical,532,1644.0,477.0,4.0,77.5106082036775
bathsheba_named_genealogy,exclude_mythical_and_cross,516,1614.0,465.0,4.0,77.63347763347764
bathsheba_named_genealogy,direct_parent_rows,469,1179.0,303.0,4.0,79.55465587044534
begil_literal_plural_minimum,uncapped,539,63150.0,482.0,4.0,99.24251948705054
begil_literal_plural_minimum,sons_cap_200,539,2550.0,482.0,4.0,84.10290237467018
begil_literal_plural_minimum,exclude_mythical,532,1646.0,479.0,4.0,77.45882352941176
begil_literal_plural_minimum,exclude_mythical_and_cross,516,1616.0,467.0,4.0,77.58041286605857
begil_literal_plural_minimum,direct_parent_rows,469,1181.0,305.0,4.0,79.47510094212652
benjamin_numbers_clans,uncapped,539,63144.0,480.0,4.0,99.245567710298
benjamin_numbers_clans,sons_cap_200,539,2544.0,480.0,4.0,84.12698412698413
benjamin_numbers_clans,exclude_mythical,532,1640.0,477.0,4.0,77.46811525743978
benjamin_numbers_clans,exclude_mythical_and_cross,516,1610.0,465.0,4.0,77.59036144578313
benjamin_numbers_clans,direct_parent_rows,469,1175.0,303.0,4.0,79.49932341001353
bharata_sunanda_genealogy,uncapped,539,63140.0,480.0,4.0,99.24552027664257
bharata_sunanda_genealogy,sons_cap_200,539,2540.0,480.0,4.0,84.10596026490066
bharata_sunanda_genealogy,exclude_mythical,532,1636.0,477.0,4.0,77.42546142924752
bharata_sunanda_genealogy,exclude_mythical_and_cross,516,1606.0,465.0,4.0,77.54707870593916
bharata_sunanda_genealogy,direct_parent_rows,469,1180.0,303.0,4.0,79.56844234659474
bhrigu_mani_seven,uncapped,539,63154.0,480.0,4.0,99.24568626834711
bhrigu_mani_seven,sons_cap_200,539,2554.0,480.0,4.0,84.17930125247199
bhrigu_mani_seven,exclude_mythical,532,1650.0,477.0,4.0,77.574047954866
bhrigu_mani_seven,exclude_mythical_and_cross,516,1620.0,465.0,4.0,77.6978417266187
bhrigu_mani_seven,direct_parent_rows,469,1185.0,303.0,4.0,79.63709677419355
bodb_gregory_dagda,uncapped,539,63149.0,480.0,4.0,99.24562699398074
bodb_gregory_dagda,sons_cap_200,539,2549.0,480.0,4.0,84.15318586992407
bodb_gregory_dagda,exclude_mythical,532,1645.0,477.0,4.0,77.52120640904806
bodb_gregory_dagda,exclude_mythical_and_cross,516,1615.0,465.0,4.0,77.64423076923077
bodb_gregory_dagda,direct_parent_rows,469,1179.0,303.0,4.0,79.55465587044534
bragi_edda_mother_unassigned,uncapped,539,63149.0,480.0,4.0,99.24562699398074
bragi_edda_mother_unassigned,sons_cap_200,539,2549.0,480.0,4.0,84.15318586992407
bragi_edda_mother_unassigned,exclude_mythical,532,1645.0,477.0,4.0,77.52120640904806
bragi_edda_mother_unassigned,exclude_mythical_and_cross,516,1615.0,465.0,4.0,77.64423076923077
bragi_edda_mother_unassigned,direct_parent_rows,469,1179.0,303.0,4.0,79.55465587044534
constantine_ii_mother_unassigned,uncapped,539,63149.0,480.0,4.0,99.24562699398074
constantine_ii_mother_unassigned,sons_cap_200,539,2549.0,480.0,4.0,84.15318586992407
constantine_ii_mother_unassigned,exclude_mythical,532,1645.0,477.0,4.0,77.52120640904806
constantine_ii_mother_unassigned,exclude_mythical_and_cross,516,1615.0,465.0,4.0,77.64423076923077
constantine_ii_mother_unassigned,direct_parent_rows,469,1180.0,303.0,4.0,79.56844234659474
cuchulainn_human_parentage,uncapped,539,63149.0,480.0,4.0,99.24562699398074
cuchulainn_human_parentage,sons_cap_200,539,2549.0,480.0,4.0,84.15318586992407
cuchulainn_human_parentage,exclude_mythical,532,1645.0,477.0,4.0,77.52120640904806
cuchulainn_human_parentage,exclude_mythical_and_cross,516,1615.0,465.0,4.0,77.64423076923077
cuchulainn_human_parentage,direct_parent_rows,469,1180.0,303.0,4.0,79.56844234659474
daksha_bhagavata_16,uncapped,539,63149.0,472.0,4.0,99.258106600022
daksha_bhagavata_16,sons_cap_200,539,2549.0,472.0,4.0,84.37603442568685
daksha_bhagavata_16,exclude_mythical,532,1645.0,469.0,4.0,77.81456953642385
daksha_bhagavata_16,exclude_mythical_and_cross,516,1615.0,457.0,4.0,77.94401544401545
daksha_bhagavata_16,direct_parent_rows,469,1180.0,295.0,4.0,80.0
danu_bhagavata_61,uncapped,539,63170.0,480.0,4.0,99.2458758837392
danu_bhagavata_61,sons_cap_200,539,2570.0,480.0,4.0,84.26229508196721
danu_bhagavata_61,exclude_mythical,532,1666.0,477.0,4.0,77.74148390107327
danu_bhagavata_61,exclude_mythical_and_cross,516,1636.0,465.0,4.0,77.86768205616373
danu_bhagavata_61,direct_parent_rows,469,1201.0,303.0,4.0,79.85372340425532
david_samuel_jerusalem,uncapped,539,63147.0,480.0,4.0,99.24560328162572
david_samuel_jerusalem,sons_cap_200,539,2547.0,480.0,4.0,84.14271555996035
david_samuel_jerusalem,exclude_mythical,532,1643.0,477.0,4.0,77.5
david_samuel_jerusalem,exclude_mythical_and_cross,516,1613.0,465.0,4.0,77.62271414821944
david_samuel_jerusalem,direct_parent_rows,469,1180.0,303.0,4.0,79.56844234659474
draupadi_adi_95_names,uncapped,539,63149.0,480.0,4.0,99.24562699398074
draupadi_adi_95_names,sons_cap_200,539,2549.0,480.0,4.0,84.15318586992407
draupadi_adi_95_names,exclude_mythical,532,1645.0,477.0,4.0,77.52120640904806
draupadi_adi_95_names,exclude_mythical_and_cross,516,1615.0,465.0,4.0,77.64423076923077
draupadi_adi_95_names,direct_parent_rows,469,1180.0,303.0,4.0,79.56844234659474
drupada_vyasa_eleven,uncapped,539,63150.0,480.0,4.0,99.24563884959925
drupada_vyasa_eleven,sons_cap_200,539,2550.0,480.0,4.0,84.15841584158416
drupada_vyasa_eleven,exclude_mythical,532,1646.0,477.0,4.0,77.53179463024023
drupada_vyasa_eleven,exclude_mythical_and_cross,516,1616.0,465.0,4.0,77.65497357039885
drupada_vyasa_eleven,direct_parent_rows,469,1181.0,303.0,4.0,79.5822102425876
enbilulu_enki_damgalnunna,uncapped,539,63149.0,480.0,4.0,99.24562699398074
enbilulu_enki_damgalnunna,sons_cap_200,539,2549.0,480.0,4.0,84.15318586992407
enbilulu_enki_damgalnunna,exclude_mythical,532,1645.0,477.0,4.0,77.52120640904806
enbilulu_enki_damgalnunna,exclude_mythical_and_cross,516,1615.0,465.0,4.0,77.64423076923077
enbilulu_enki_damgalnunna,direct_parent_rows,469,1180.0,303.0,4.0,79.56844234659474
enki_namma_maternal_account,uncapped,539,63149.0,480.0,4.0,99.24562699398074
enki_namma_maternal_account,sons_cap_200,539,2549.0,480.0,4.0,84.15318586992407
enki_namma_maternal_account,exclude_mythical,532,1645.0,477.0,4.0,77.52120640904806
enki_namma_maternal_account,exclude_mythical_and_cross,516,1615.0,465.0,4.0,77.64423076923077
enki_namma_maternal_account,direct_parent_rows,469,1181.0,303.0,4.0,79.5822102425876
galla_smith_merged_child,uncapped,539,63148.0,480.0,4.0,99.24561513798956
galla_smith_merged_child,sons_cap_200,539,2548.0,480.0,4.0,84.14795244385733
galla_smith_merged_child,exclude_mythical,532,1644.0,477.0,4.0,77.5106082036775
galla_smith_merged_child,exclude_mythical_and_cross,516,1614.0,465.0,4.0,77.63347763347764
galla_smith_merged_child,direct_parent_rows,469,1179.0,303.0,4.0,79.55465587044534
gudarz_named_sons,uncapped,539,63079.0,480.0,4.0,99.24479617363394
gudarz_named_sons,sons_cap_200,539,2479.0,480.0,4.0,83.7783034809057
gudarz_named_sons,exclude_mythical,532,1575.0,477.0,4.0,76.75438596491227
gudarz_named_sons,exclude_mythical_and_cross,516,1545.0,465.0,4.0,76.86567164179104
gudarz_named_sons,direct_parent_rows,469,1180.0,303.0,4.0,79.56844234659474
hamza_khawla_biography,uncapped,539,63149.0,482.0,4.0,99.24250758278198
hamza_khawla_biography,sons_cap_200,539,2549.0,482.0,4.0,84.09765753876609
hamza_khawla_biography,exclude_mythical,532,1645.0,479.0,4.0,77.4482109227872
hamza_khawla_biography,exclude_mythical_and_cross,516,1615.0,467.0,4.0,77.56964457252641
hamza_khawla_biography,direct_parent_rows,469,1180.0,305.0,4.0,79.46127946127946
hashim_salma_haq_note,uncapped,539,63149.0,479.0,4.0,99.24718677311876
hashim_salma_haq_note,sons_cap_200,539,2549.0,479.0,4.0,84.18097754293262
hashim_salma_haq_note,exclude_mythical,532,1645.0,476.0,4.0,77.55775577557756
hashim_salma_haq_note,exclude_mythical_and_cross,516,1615.0,464.0,4.0,77.68157768157768
hashim_salma_haq_note,direct_parent_rows,469,1180.0,302.0,4.0,79.6221322537112
jamadagni_adi_four,uncapped,539,63148.0,480.0,4.0,99.24561513798956
jamadagni_adi_four,sons_cap_200,539,2548.0,480.0,4.0,84.14795244385733
jamadagni_adi_four,exclude_mythical,532,1644.0,477.0,4.0,77.5106082036775
jamadagni_adi_four,exclude_mythical_and_cross,516,1614.0,465.0,4.0,77.63347763347764
jamadagni_adi_four,direct_parent_rows,469,1179.0,303.0,4.0,79.55465587044534
jamshid_sisters_reading,uncapped,539,63149.0,478.0,4.0,99.24874660128562
jamshid_sisters_reading,sons_cap_200,539,2549.0,478.0,4.0,84.20878757846052
jamshid_sisters_reading,exclude_mythical,532,1645.0,475.0,4.0,77.59433962264151
jamshid_sisters_reading,exclude_mythical_and_cross,516,1615.0,463.0,4.0,77.71896053897979
jamshid_sisters_reading,direct_parent_rows,469,1180.0,303.0,4.0,79.56844234659474
jason_apollodorus_two,uncapped,539,63150.0,480.0,4.0,99.24563884959925
jason_apollodorus_two,sons_cap_200,539,2550.0,480.0,4.0,84.15841584158416
jason_apollodorus_two,exclude_mythical,532,1646.0,477.0,4.0,77.53179463024023
jason_apollodorus_two,exclude_mythical_and_cross,516,1616.0,465.0,4.0,77.65497357039885
jason_apollodorus_two,direct_parent_rows,469,1181.0,303.0,4.0,79.5822102425876
jesse_eight_sons,uncapped,539,63150.0,480.0,4.0,99.24563884959925
jesse_eight_sons,sons_cap_200,539,2550.0,480.0,4.0,84.15841584158416
jesse_eight_sons,exclude_mythical,532,1646.0,477.0,4.0,77.53179463024023
jesse_eight_sons,exclude_mythical_and_cross,516,1616.0,465.0,4.0,77.65497357039885
jesse_eight_sons,direct_parent_rows,469,1181.0,303.0,4.0,79.5822102425876
ji_chang_shiji_tai_si_ten,uncapped,539,63059.0,480.0,4.0,99.24455846015833
ji_chang_shiji_tai_si_ten,sons_cap_200,539,2459.0,480.0,4.0,83.66791425654985
ji_chang_shiji_tai_si_ten,exclude_mythical,532,1555.0,477.0,4.0,76.5255905511811
ji_chang_shiji_tai_si_ten,exclude_mythical_and_cross,516,1525.0,465.0,4.0,76.63316582914572
ji_chang_shiji_tai_si_ten,direct_parent_rows,469,1180.0,303.0,4.0,79.56844234659474
job_both_families,uncapped,539,63156.0,483.0,4.0,99.24103144298307
job_both_families,sons_cap_200,539,2556.0,483.0,4.0,84.106614017769
job_both_families,exclude_mythical,532,1652.0,480.0,4.0,77.4859287054409
job_both_families,exclude_mythical_and_cross,516,1622.0,468.0,4.0,77.60765550239235
job_both_families,direct_parent_rows,468,1173.0,300.0,4.0,79.63340122199592
katayun_farshidvard_reading,uncapped,539,63149.0,480.0,4.0,99.24562699398074
katayun_farshidvard_reading,sons_cap_200,539,2549.0,480.0,4.0,84.15318586992407
katayun_farshidvard_reading,exclude_mythical,532,1645.0,477.0,4.0,77.52120640904806
katayun_farshidvard_reading,exclude_mythical_and_cross,516,1615.0,465.0,4.0,77.64423076923077
katayun_farshidvard_reading,direct_parent_rows,469,1180.0,303.0,4.0,79.56844234659474
kesari_brahmanda_five,uncapped,539,63153.0,480.0,4.0,99.24567441421904
kesari_brahmanda_five,sons_cap_200,539,2553.0,480.0,4.0,84.17408506429278
kesari_brahmanda_five,exclude_mythical,532,1649.0,477.0,4.0,77.56349952963312
kesari_brahmanda_five,exclude_mythical_and_cross,516,1619.0,465.0,4.0,77.68714011516315
kesari_brahmanda_five,direct_parent_rows,469,1184.0,303.0,4.0,79.62340282447882
khalid_mughultay_five,uncapped,539,63150.0,480.0,4.0,99.24563884959925
khalid_mughultay_five,sons_cap_200,539,2550.0,480.0,4.0,84.15841584158416
khalid_mughultay_five,exclude_mythical,532,1646.0,477.0,4.0,77.53179463024023
khalid_mughultay_five,exclude_mythical_and_cross,516,1616.0,465.0,4.0,77.65497357039885
khalid_mughultay_five,direct_parent_rows,469,1180.0,303.0,4.0,79.56844234659474
lot_two_daughters,uncapped,539,63149.0,478.0,4.0,99.24874660128562
lot_two_daughters,sons_cap_200,539,2549.0,478.0,4.0,84.20878757846052
lot_two_daughters,exclude_mythical,532,1645.0,475.0,4.0,77.59433962264151
lot_two_daughters,exclude_mythical_and_cross,516,1615.0,463.0,4.0,77.71896053897979
lot_two_daughters,direct_parent_rows,469,1180.0,301.0,4.0,79.67589466576638
louhi_two_daughters_scope,uncapped,539,63148.0,480.0,4.0,99.24561513798956
louhi_two_daughters_scope,sons_cap_200,539,2548.0,480.0,4.0,84.14795244385733
louhi_two_daughters_scope,exclude_mythical,532,1644.0,477.0,4.0,77.5106082036775
louhi_two_daughters_scope,exclude_mythical_and_cross,516,1614.0,465.0,4.0,77.63347763347764
louhi_two_daughters_scope,direct_parent_rows,469,1180.0,303.0,4.0,79.56844234659474
mahavira_digambara_celibacy,uncapped,539,63149.0,479.0,4.0,99.24718677311876
mahavira_digambara_celibacy,sons_cap_200,539,2549.0,479.0,4.0,84.18097754293262
mahavira_digambara_celibacy,exclude_mythical,532,1645.0,476.0,4.0,77.55775577557756
mahavira_digambara_celibacy,exclude_mythical_and_cross,516,1615.0,464.0,4.0,77.68157768157768
mahavira_digambara_celibacy,direct_parent_rows,469,1180.0,302.0,4.0,79.6221322537112
manasa_shiva_lotus,uncapped,539,63149.0,480.0,4.0,99.24562699398074
manasa_shiva_lotus,sons_cap_200,539,2549.0,480.0,4.0,84.15318586992407
manasa_shiva_lotus,exclude_mythical,532,1645.0,477.0,4.0,77.52120640904806
manasa_shiva_lotus,exclude_mythical_and_cross,516,1615.0,465.0,4.0,77.64423076923077
manasa_shiva_lotus,direct_parent_rows,469,1180.0,303.0,4.0,79.56844234659474
mandodari_mani_three,uncapped,539,63149.0,480.0,4.0,99.24562699398074
mandodari_mani_three,sons_cap_200,539,2549.0,480.0,4.0,84.15318586992407
mandodari_mani_three,exclude_mythical,532,1645.0,477.0,4.0,77.52120640904806
mandodari_mani_three,exclude_mythical_and_cross,516,1615.0,465.0,4.0,77.64423076923077
mandodari_mani_three,direct_parent_rows,469,1181.0,303.0,4.0,79.5822102425876
mary_catholic_kinship,uncapped,539,63145.0,478.0,4.0,99.24869936972479
mary_catholic_kinship,sons_cap_200,539,2545.0,478.0,4.0,84.1878928217003
mary_catholic_kinship,exclude_mythical,532,1641.0,475.0,4.0,77.55198487712666
mary_catholic_kinship,exclude_mythical_and_cross,516,1611.0,463.0,4.0,77.67598842815815
mary_catholic_kinship,direct_parent_rows,469,1176.0,301.0,4.0,79.62085308056872
menelaus_apollodorus_nicostratus,uncapped,539,63150.0,480.0,4.0,99.24563884959925
menelaus_apollodorus_nicostratus,sons_cap_200,539,2550.0,480.0,4.0,84.15841584158416
menelaus_apollodorus_nicostratus,exclude_mythical,532,1646.0,477.0,4.0,77.53179463024023
menelaus_apollodorus_nicostratus,exclude_mythical_and_cross,516,1616.0,465.0,4.0,77.65497357039885
menelaus_apollodorus_nicostratus,direct_parent_rows,469,1181.0,303.0,4.0,79.5822102425876
musa_irshad_english_37,uncapped,539,63150.0,479.0,4.0,99.24719860440995
musa_irshad_english_37,sons_cap_200,539,2550.0,479.0,4.0,84.18620006602839
musa_irshad_english_37,exclude_mythical,532,1646.0,476.0,4.0,77.56833176248821
musa_irshad_english_37,exclude_mythical_and_cross,516,1616.0,464.0,4.0,77.6923076923077
musa_irshad_english_37,direct_parent_rows,469,1180.0,303.0,4.0,79.56844234659474
muttalib_fatimah_tabari,uncapped,539,63150.0,478.0,4.0,99.24875840824794
muttalib_fatimah_tabari,sons_cap_200,539,2550.0,478.0,4.0,84.21400264200793
muttalib_fatimah_tabari,exclude_mythical,532,1646.0,475.0,4.0,77.6049033474776
muttalib_fatimah_tabari,exclude_mythical_and_cross,516,1616.0,463.0,4.0,77.72967772967773
muttalib_fatimah_tabari,direct_parent_rows,469,1181.0,301.0,4.0,79.68960863697706
muttalib_nutaylah_ibn_sad,uncapped,539,63150.0,480.0,4.0,99.24563884959925
muttalib_nutaylah_ibn_sad,sons_cap_200,539,2550.0,480.0,4.0,84.15841584158416
muttalib_nutaylah_ibn_sad,exclude_mythical,532,1646.0,477.0,4.0,77.53179463024023
muttalib_nutaylah_ibn_sad,exclude_mythical_and_cross,516,1616.0,465.0,4.0,77.65497357039885
muttalib_nutaylah_ibn_sad,direct_parent_rows,469,1181.0,303.0,4.0,79.5822102425876
numa_four_sons,uncapped,539,63153.0,480.0,4.0,99.24567441421904
numa_four_sons,sons_cap_200,539,2553.0,480.0,4.0,84.17408506429278
numa_four_sons,exclude_mythical,532,1649.0,477.0,4.0,77.56349952963312
numa_four_sons,exclude_mythical_and_cross,516,1619.0,465.0,4.0,77.68714011516315
numa_four_sons,direct_parent_rows,469,1180.0,303.0,4.0,79.56844234659474
numa_lucretia_pompilia,uncapped,539,63149.0,480.0,4.0,99.24562699398074
numa_lucretia_pompilia,sons_cap_200,539,2549.0,480.0,4.0,84.15318586992407
numa_lucretia_pompilia,exclude_mythical,532,1645.0,477.0,4.0,77.52120640904806
numa_lucretia_pompilia,exclude_mythical_and_cross,516,1615.0,465.0,4.0,77.64423076923077
numa_lucretia_pompilia,direct_parent_rows,469,1180.0,303.0,4.0,79.56844234659474
nut_plutarch_epagomenal,uncapped,539,63150.0,480.0,4.0,99.24563884959925
nut_plutarch_epagomenal,sons_cap_200,539,2550.0,480.0,4.0,84.15841584158416
nut_plutarch_epagomenal,exclude_mythical,532,1646.0,477.0,4.0,77.53179463024023
nut_plutarch_epagomenal,exclude_mythical_and_cross,516,1616.0,465.0,4.0,77.65497357039885
nut_plutarch_epagomenal,direct_parent_rows,469,1181.0,303.0,4.0,79.5822102425876
paris_dictys_three,uncapped,539,63152.0,479.0,4.0,99.2472222658767
paris_dictys_three,sons_cap_200,539,2552.0,479.0,4.0,84.19663477400198
paris_dictys_three,exclude_mythical,532,1648.0,476.0,4.0,77.5894538606403
paris_dictys_three,exclude_mythical_and_cross,516,1618.0,464.0,4.0,77.7137367915466
paris_dictys_three,direct_parent_rows,469,1183.0,302.0,4.0,79.66329966329967
poseidon_apollodorus_rhode,uncapped,539,63149.0,481.0,4.0,99.24406726386924
poseidon_apollodorus_rhode,sons_cap_200,539,2549.0,481.0,4.0,84.12541254125412
poseidon_apollodorus_rhode,exclude_mythical,532,1645.0,478.0,4.0,77.48469147432878
poseidon_apollodorus_rhode,exclude_mythical_and_cross,516,1615.0,466.0,4.0,77.60691975012014
poseidon_apollodorus_rhode,direct_parent_rows,469,1180.0,304.0,4.0,79.51482479784367
prahlada_mahabharata_three,uncapped,539,63151.0,480.0,4.0,99.24565070484512
prahlada_mahabharata_three,sons_cap_200,539,2551.0,480.0,4.0,84.16364236225668
prahlada_mahabharata_three,exclude_mythical,532,1647.0,477.0,4.0,77.54237288135593
prahlada_mahabharata_three,exclude_mythical_and_cross,516,1617.0,465.0,4.0,77.6657060518732
prahlada_mahabharata_three,direct_parent_rows,469,1182.0,303.0,4.0,79.5959595959596
priam_apollodorus_ten,uncapped,539,63140.0,480.0,4.0,99.24552027664257
priam_apollodorus_ten,sons_cap_200,539,2540.0,480.0,4.0,84.10596026490066
priam_apollodorus_ten,exclude_mythical,532,1636.0,477.0,4.0,77.42546142924752
priam_apollodorus_ten,exclude_mythical_and_cross,516,1606.0,465.0,4.0,77.54707870593916
priam_apollodorus_ten,direct_parent_rows,469,1171.0,303.0,4.0,79.4436906377205
pururavas_bhagavata_names,uncapped,539,63149.0,480.0,4.0,99.24562699398074
pururavas_bhagavata_names,sons_cap_200,539,2549.0,480.0,4.0,84.15318586992407
pururavas_bhagavata_names,exclude_mythical,532,1645.0,477.0,4.0,77.52120640904806
pururavas_bhagavata_names,exclude_mythical_and_cross,516,1615.0,465.0,4.0,77.64423076923077
pururavas_bhagavata_names,direct_parent_rows,469,1180.0,303.0,4.0,79.56844234659474
sad_baladhuri_named_additions,uncapped,539,63150.0,481.0,4.0,99.24407914381355
sad_baladhuri_named_additions,sons_cap_200,539,2550.0,481.0,4.0,84.13064995051138
sad_baladhuri_named_additions,exclude_mythical,532,1646.0,478.0,4.0,77.49529190207156
sad_baladhuri_named_additions,exclude_mythical_and_cross,516,1616.0,466.0,4.0,77.61767531219981
sad_baladhuri_named_additions,direct_parent_rows,469,1181.0,304.0,4.0,79.52861952861953
saul_samuel_roster,uncapped,539,63148.0,480.0,4.0,99.24561513798956
saul_samuel_roster,sons_cap_200,539,2548.0,480.0,4.0,84.14795244385733
saul_samuel_roster,exclude_mythical,532,1644.0,477.0,4.0,77.5106082036775
saul_samuel_roster,exclude_mythical_and_cross,516,1614.0,465.0,4.0,77.63347763347764
saul_samuel_roster,direct_parent_rows,469,1179.0,303.0,4.0,79.55465587044534
shantanu_surviving_son,uncapped,539,63142.0,480.0,4.0,99.24554399421584
shantanu_surviving_son,sons_cap_200,539,2542.0,480.0,4.0,84.11647915287888
shantanu_surviving_son,exclude_mythical,532,1638.0,477.0,4.0,77.44680851063829
shantanu_surviving_son,exclude_mythical_and_cross,516,1608.0,465.0,4.0,77.56874095513749
shantanu_surviving_son,direct_parent_rows,469,1173.0,303.0,4.0,79.47154471544715
shukra_adi_four_names,uncapped,539,63149.0,480.0,4.0,99.24562699398074
shukra_adi_four_names,sons_cap_200,539,2549.0,480.0,4.0,84.15318586992407
shukra_adi_four_names,exclude_mythical,532,1645.0,477.0,4.0,77.52120640904806
shukra_adi_four_names,exclude_mythical_and_cross,516,1615.0,465.0,4.0,77.64423076923077
shukra_adi_four_names,direct_parent_rows,469,1180.0,303.0,4.0,79.56844234659474
shukra_devayani_urjasvati,uncapped,539,63149.0,480.0,4.0,99.24562699398074
shukra_devayani_urjasvati,sons_cap_200,539,2549.0,480.0,4.0,84.15318586992407
shukra_devayani_urjasvati,exclude_mythical,532,1645.0,477.0,4.0,77.52120640904806
shukra_devayani_urjasvati,exclude_mythical_and_cross,516,1615.0,465.0,4.0,77.64423076923077
shukra_devayani_urjasvati,direct_parent_rows,469,1180.0,303.0,4.0,79.56844234659474
sigyn_guerber_two,uncapped,539,63149.0,480.0,4.0,99.24562699398074
sigyn_guerber_two,sons_cap_200,539,2549.0,480.0,4.0,84.15318586992407
sigyn_guerber_two,exclude_mythical,532,1645.0,477.0,4.0,77.52120640904806
sigyn_guerber_two,exclude_mythical_and_cross,516,1615.0,465.0,4.0,77.64423076923077
sigyn_guerber_two,direct_parent_rows,469,1180.0,303.0,4.0,79.56844234659474
simeon_numbers_clans,uncapped,539,63148.0,480.0,4.0,99.24561513798956
simeon_numbers_clans,sons_cap_200,539,2548.0,480.0,4.0,84.14795244385733
simeon_numbers_clans,exclude_mythical,532,1644.0,477.0,4.0,77.5106082036775
simeon_numbers_clans,exclude_mythical_and_cross,516,1614.0,465.0,4.0,77.63347763347764
simeon_numbers_clans,direct_parent_rows,469,1179.0,303.0,4.0,79.55465587044534
simhika_vishnu_parentage,uncapped,539,63149.0,480.0,4.0,99.24562699398074
simhika_vishnu_parentage,sons_cap_200,539,2549.0,480.0,4.0,84.15318586992407
simhika_vishnu_parentage,exclude_mythical,532,1645.0,477.0,4.0,77.52120640904806
simhika_vishnu_parentage,exclude_mythical_and_cross,516,1615.0,465.0,4.0,77.64423076923077
simhika_vishnu_parentage,direct_parent_rows,469,1180.0,303.0,4.0,79.56844234659474
tataka_valmiki_birth_episode,uncapped,539,63148.0,480.0,4.0,99.24561513798956
tataka_valmiki_birth_episode,sons_cap_200,539,2548.0,480.0,4.0,84.14795244385733
tataka_valmiki_birth_episode,exclude_mythical,532,1644.0,477.0,4.0,77.5106082036775
tataka_valmiki_birth_episode,exclude_mythical_and_cross,516,1614.0,465.0,4.0,77.63347763347764
tataka_valmiki_birth_episode,direct_parent_rows,469,1179.0,303.0,4.0,79.55465587044534
thor_guerber_family,uncapped,539,63150.0,480.0,4.0,99.24563884959925
thor_guerber_family,sons_cap_200,539,2550.0,480.0,4.0,84.15841584158416
thor_guerber_family,exclude_mythical,532,1646.0,477.0,4.0,77.53179463024023
thor_guerber_family,exclude_mythical_and_cross,516,1616.0,465.0,4.0,77.65497357039885
thor_guerber_family,direct_parent_rows,469,1181.0,303.0,4.0,79.5822102425876
ukehi_ritual_performer,uncapped,539,63149.0,480.0,4.0,99.24562699398074
ukehi_ritual_performer,sons_cap_200,539,2549.0,480.0,4.0,84.15318586992407
ukehi_ritual_performer,exclude_mythical,532,1645.0,477.0,4.0,77.52120640904806
ukehi_ritual_performer,exclude_mythical_and_cross,516,1615.0,465.0,4.0,77.64423076923077
ukehi_ritual_performer,direct_parent_rows,469,1180.0,303.0,4.0,79.56844234659474
ushun_formulaic_daughter,uncapped,539,63149.0,479.0,4.0,99.24718677311876
ushun_formulaic_daughter,sons_cap_200,539,2549.0,479.0,4.0,84.18097754293262
ushun_formulaic_daughter,exclude_mythical,532,1645.0,476.0,4.0,77.55775577557756
ushun_formulaic_daughter,exclude_mythical_and_cross,516,1615.0,464.0,4.0,77.68157768157768
ushun_formulaic_daughter,direct_parent_rows,469,1180.0,302.0,4.0,79.6221322537112
vasishtha_vishnu_names,uncapped,539,63149.0,480.0,4.0,99.24562699398074
vasishtha_vishnu_names,sons_cap_200,539,2549.0,480.0,4.0,84.15318586992407
vasishtha_vishnu_names,exclude_mythical,532,1645.0,477.0,4.0,77.52120640904806
vasishtha_vishnu_names,exclude_mythical_and_cross,516,1615.0,465.0,4.0,77.64423076923077
vasishtha_vishnu_names,direct_parent_rows,469,1180.0,303.0,4.0,79.56844234659474
vasudeva_bhagavata_rosters,uncapped,539,63152.0,481.0,4.0,99.244102902582
vasudeva_bhagavata_rosters,sons_cap_200,539,2552.0,481.0,4.0,84.14111440817672
vasudeva_bhagavata_rosters,exclude_mythical,532,1648.0,478.0,4.0,77.516462841016
vasudeva_bhagavata_rosters,exclude_mythical_and_cross,516,1618.0,466.0,4.0,77.63915547024952
vasudeva_bhagavata_rosters,direct_parent_rows,469,1183.0,304.0,4.0,79.55615332885003
vibhishana_valmiki_daughter,uncapped,539,63149.0,480.0,4.0,99.24562699398074
vibhishana_valmiki_daughter,sons_cap_200,539,2549.0,480.0,4.0,84.15318586992407
vibhishana_valmiki_daughter,exclude_mythical,532,1645.0,477.0,4.0,77.52120640904806
vibhishana_valmiki_daughter,exclude_mythical_and_cross,516,1615.0,465.0,4.0,77.64423076923077
vibhishana_valmiki_daughter,direct_parent_rows,469,1180.0,303.0,4.0,79.56844234659474
vinata_mahabharata_six,uncapped,539,63153.0,480.0,4.0,99.24567441421904
vinata_mahabharata_six,sons_cap_200,539,2553.0,480.0,4.0,84.17408506429278
vinata_mahabharata_six,exclude_mythical,532,1649.0,477.0,4.0,77.56349952963312
vinata_mahabharata_six,exclude_mythical_and_cross,516,1619.0,465.0,4.0,77.68714011516315
vinata_mahabharata_six,direct_parent_rows,469,1184.0,303.0,4.0,79.62340282447882
vishwamitra_bhagavata_household,uncapped,539,63146.0,480.0,4.0,99.2455914248892
vishwamitra_bhagavata_household,sons_cap_200,539,2546.0,480.0,4.0,84.13747521480502
vishwamitra_bhagavata_household,exclude_mythical,532,1645.0,477.0,4.0,77.52120640904806
vishwamitra_bhagavata_household,exclude_mythical_and_cross,516,1615.0,465.0,4.0,77.64423076923077
vishwamitra_bhagavata_household,direct_parent_rows,469,1180.0,303.0,4.0,79.56844234659474
vulcan_cicero_jupiter,uncapped,539,63149.0,480.0,4.0,99.24562699398074
vulcan_cicero_jupiter,sons_cap_200,539,2549.0,480.0,4.0,84.15318586992407
vulcan_cicero_jupiter,exclude_mythical,532,1645.0,477.0,4.0,77.52120640904806
vulcan_cicero_jupiter,exclude_mythical_and_cross,516,1615.0,465.0,4.0,77.64423076923077
vulcan_cicero_jupiter,direct_parent_rows,469,1180.0,303.0,4.0,79.56844234659474
